,성별구분코드,연령대구분명,답변자거주지역명,가구소득정도명,중국여행관심값,일본여행관심값,홍콩마카오여행관심값,동남아시아여행관심값,중동서남아시아여행관심값,미국캐나다여행관심값,남미중남미여행관심값,서유럽북유럽여행관심값,동유럽여행관심값,남유럽여행관심값,남태평양여행관심값,아프리카여행관심값,군집
0,F,60,서울특별시,2,3,3,1,1,3,4,3,4,1,2,5,1,3
1,F,60,서울특별시,3,2,3,3,3,3,4,3,4,3,3,4,2,1
2,F,60,서울특별시,2,1,2,3,3,3,3,3,3,3,3,3,3,3
3,F,60,서울특별시,2,2,2,3,4,2,3,4,3,4,4,4,3,3
4,F,60,서울특별시,2,3,3,3,4,4,4,4,4,3,4,3,3,3
5,F,60,서울특별시,2,3,3,3,3,5,4,3,3,4,5,4,1,3
6,F,50,경기도,2,2,2,3,1,3,3,3,2,3,2,3,3,0
7,F,50,경기도,4,1,4,3,4,2,3,3,4,3,3,4,3,0
8,F,50,경기도,3,3,2,3,4,3,3,3,4,4,4,4,3,0
9,F,50,경기도,3,2,1,3,3,2,2,2,3,2,2,2,1,0
10,F,50,경기도,2,1,5,5,4,4,4,3,3,3,3,3,3,0
11,F,50,경기도,4,2,3,2,4,4,3,2,3,4,3,4,3,0
12,F,50,경기도,3,2,1,3,3,3,4,3,5,4,4,4,3,0
13,F,50,경기도,2,2,3,3,3,1,4,4,3,2,4,4,1,0
14,F,50,경기도,3,2,4,2,3,4,4,3,3,3,3,4,1,0
15,F,50,경기도,4,2,2,3,3,3,4,4,4,3,4,4,4,0
16,F,50,경기도,1,3,1,3,3,2,2,3,3,1,3,3,3,0
17,F,50,대구광역시,1,3,3,4,3,4,3,4,4,4,4,4,3,0
18,F,50,전라남도,1,4,5,3,2,4,5,4,2,3,3,3,3,0
19,F,50,전라남도,4,2,3,3,3,3,3,3,3,3,3,3,3,0
20,F,50,전라남도,3,1,1,3,1,4,1,1,5,5,5,4,1,0
21,F,40,경기도,3,3,5,3,4,3,3,3,5,4,4,4,3,4
22,F,40,경기도,4,3,4,3,3,3,5,3,4,4,4,5,3,0
23,F,40,경기도,3,3,3,3,4,3,3,3,3,3,3,3,3,4
24,F,40,경기도,4,1,4,4,5,1,4,3,5,3,4,4,3,0
25,F,40,경기도,2,1,1,2,5,2,2,2,2,3,3,5,1,2
26,F,40,경기도,2,1,2,3,5,1,2,1,2,3,2,5,1,2
27,F,40,서울특별시,2,2,5,5,5,3,5,5,5,5,5,5,2,3
28,F,40,서울특별시,1,1,1,1,1,1,1,1,1,1,1,1,1,3
29,F,40,서울특별시,4,2,1,2,3,1,4,2,4,5,4,5,1,0
30,F,40,서울특별시,2,3,1,3,4,3,3,3,3,3,3,3,3,3
31,F,40,충청북도,2,2,1,2,2,3,4,4,3,3,3,3,3,2
32,F,30,경기도,1,1,3,3,1,2,4,2,4,4,4,3,1,0
33,F,30,경기도,2,1,5,5,5,1,1,1,1,1,1,3,1,3
34,F,30,경기도,3,1,1,3,2,2,2,2,2,2,2,3,2,0
35,F,30,충청북도,2,2,1,1,3,5,2,5,2,5,2,3,5,3
36,F,30,전라북도,4,2,1,4,3,1,3,1,4,4,4,4,1,0
37,F,20,서울특별시,3,3,5,5,4,2,3,2,4,3,3,3,2,1
38,F,20,서울특별시,1,4,4,3,5,2,3,2,2,3,2,5,3,3
39,F,20,서울특별시,4,4,4,4,5,1,3,3,4,4,4,4,2,0
40,F,20,서울특별시,2,2,2,1,5,1,1,4,2,3,3,1,3,3
41,F,20,서울특별시,3,1,5,2,3,2,4,2,5,4,3,4,1,1
42,F,20,서울특별시,3,3,2,3,4,1,2,3,2,3,3,4,3,1
43,F,20,서울특별시,1,1,4,3,4,1,3,1,5,4,4,3,1,3
44,F,20,부산광역시,2,2,4,2,3,3,3,2,3,2,3,4,3,3
45,F,20,부산광역시,2,2,3,4,5,1,3,1,3,3,4,4,1,3
46,F,20,부산광역시,2,1,1,4,5,2,3,4,2,4,5,4,3,3
47,M,60,부산광역시,4,3,4,4,3,4,4,4,4,4,4,4,4,1
48,M,60,부산광역시,3,2,1,2,3,2,2,2,3,2,3,3,1,1
49,M,50,대전광역시,4,3,1,3,4,4,3,3,4,3,3,3,3,0
50,M,50,울산광역시,2,1,3,3,3,3,3,3,4,4,4,4,3,2
51,M,40,경기도,2,3,1,3,4,3,3,1,4,3,3,3,1,2
52,M,40,경기도,4,2,3,3,2,3,3,3,3,4,3,4,3,2
53,M,40,경기도,2,1,3,3,4,2,4,2,5,4,4,4,1,2
54,M,40,경기도,4,1,4,3,3,1,5,1,4,4,4,5,1,2
55,M,40,경기도,2,1,3,3,3,1,3,3,3,3,3,3,1,2
56,M,40,경기도,2,1,4,2,4,3,1,1,3,3,2,3,3,2
57,M,40,경기도,3,3,2,2,3,3,2,3,4,4,4,3,3,2
58,M,40,경기도,2,2,1,3,3,2,3,3,3,3,3,3,1,2
59,M,40,서울특별시,4,1,3,1,3,2,3,5,5,3,5,3,1,1
60,M,30,광주광역시,3,1,4,2,4,1,4,3,3,4,3,4,3,1
61,M,30,충청북도,2,3,3,3,3,3,3,2,4,3,3,3,3,2
62,M,30,충청북도,1,1,1,1,1,1,1,1,1,1,1,1,1,1
63,M,30,경상남도,2,2,4,5,5,1,5,5,5,5,5,5,4,2
64,M,30,경상남도,3,1,5,4,5,3,4,1,1,1,1,4,1,1
65,M,30,경상남도,2,2,2,3,3,2,3,2,3,3,3,3,2,2
66,F,50,전라북도,4,3,3,3,4,2,3,3,4,4,4,4,4,0
67,F,60,전라남도,3,4,3,4,4,5,5,4,4,5,4,5,5,1
68,F,60,경상북도,1,2,5,4,3,3,3,3,4,4,4,4,3,0
69,F,60,경상남도,4,2,1,5,3,2,4,5,3,3,5,5,3,0
70,M,20,경기도,1,3,3,3,3,3,3,3,3,3,3,3,3,2
71,M,20,전라남도,1,1,1,1,1,1,4,1,4,4,4,4,1,1
72,M,20,서울특별시,3,1,4,1,3,2,3,3,4,3,2,4,1,1
73,M,20,광주광역시,2,3,4,3,3,2,3,3,2,3,4,2,2,2
74,M,30,서울특별시,3,1,4,3,4,2,4,3,3,3,3,4,1,1
75,M,60,서울특별시,2,2,2,3,3,3,4,3,3,3,3,3,2,1
76,M,30,서울특별시,2,3,5,3,4,3,3,3,1,4,5,3,1,3
77,F,30,서울특별시,2,1,1,3,5,1,3,1,3,1,3,3,1,3
78,F,20,경기도,2,1,4,3,2,1,3,4,3,4,4,5,3,0
79,M,20,서울특별시,2,3,5,4,5,4,5,3,5,5,5,4,3,1
80,M,60,서울특별시,3,4,3,1,4,1,1,4,1,1,1,1,1,1
81,M,20,서울특별시,2,4,5,3,3,2,3,3,4,3,3,3,1,1
82,M,60,서울특별시,2,2,2,3,3,2,3,3,3,3,3,3,3,1
83,M,60,울산광역시,3,1,1,3,1,1,3,4,3,3,3,3,1,1
84,M,60,충청북도,3,2,1,2,4,3,3,2,3,3,3,4,2,1
85,M,60,경기도,2,2,3,2,2,2,3,4,3,4,3,4,3,2
86,M,20,충청남도(세종시 포함),4,1,4,4,4,4,3,3,3,3,3,3,3,0
87,M,30,경기도,4,1,1,2,5,1,3,4,4,4,3,4,3,0
88,F,60,부산광역시,2,4,4,2,4,4,4,3,4,4,5,4,3,3
89,F,50,서울특별시,2,3,3,3,3,1,4,2,4,4,4,3,3,3
90,F,40,대구광역시,2,1,1,3,4,3,4,3,5,5,5,5,3,2
91,F,50,대전광역시,4,3,4,3,3,2,4,3,4,4,3,3,3,0
92,F,40,울산광역시,4,1,3,4,3,3,4,3,4,4,4,3,3,0
93,F,30,경상남도,2,1,1,3,4,2,2,2,2,2,2,4,2,3
94,M,20,경기도,2,2,4,3,3,2,3,3,4,3,3,3,3,2
95,M,30,경기도,3,1,3,4,3,1,4,1,4,4,4,3,1,1
96,M,40,부산광역시,3,1,1,3,1,1,3,1,4,4,4,4,1,1
97,F,40,전라북도,1,2,1,3,3,4,5,1,5,5,4,4,3,4
98,F,30,대구광역시,3,2,4,4,4,1,3,2,3,3,3,4,2,3
99,M,40,제주도,2,1,1,3,3,2,3,4,3,3,3,4,3,2
100,M,50,경기도,2,3,3,4,5,2,3,4,3,3,4,4,2,2
101,M,20,충청북도,1,3,4,4,3,3,4,4,4,3,3,4,3,1
102,M,50,서울특별시,3,2,4,3,4,3,3,3,3,4,3,3,3,1
103,F,30,인천광역시,3,1,4,4,4,3,5,4,5,5,5,5,3,4
104,F,20,충청남도(세종시 포함),3,3,4,3,4,3,2,3,4,2,4,4,3,4
105,M,40,광주광역시,1,3,3,3,4,3,3,3,3,3,3,3,3,2
106,M,50,서울특별시,2,1,5,1,5,3,3,1,3,3,4,3,1,1
107,M,20,경기도,1,1,3,5,4,1,1,1,1,1,1,1,1,2
108,M,30,경기도,2,3,3,3,3,3,3,3,3,3,3,3,3,2
109,M,60,경기도,1,2,3,4,3,4,4,3,4,4,4,3,2,1
110,F,50,서울특별시,4,3,3,3,3,4,3,3,4,4,4,3,3,0
111,M,60,인천광역시,4,2,2,3,4,3,3,4,2,2,3,4,3,1
112,F,60,충청남도(세종시 포함),3,3,3,3,3,2,2,2,2,2,2,2,1,1
113,M,20,전라남도,1,2,4,3,3,3,3,3,4,4,4,4,2,1
114,M,30,경기도,2,2,4,3,3,3,3,3,3,2,3,3,3,2
115,F,60,인천광역시,2,1,2,4,2,2,4,4,5,4,5,3,2,3
116,M,50,경기도,4,2,4,3,4,4,3,3,4,3,3,3,4,0
117,F,60,경상남도,2,2,3,4,3,3,5,4,3,4,2,4,3,3
118,F,40,인천광역시,3,3,1,3,4,1,3,2,3,3,3,4,3,4
119,M,20,강원도,2,3,4,3,3,1,4,1,3,4,3,4,1,2
120,F,40,부산광역시,3,1,1,1,5,1,3,1,5,3,1,5,1,4
121,F,30,서울특별시,1,1,1,3,1,1,4,1,3,2,4,3,1,3
122,F,50,인천광역시,4,2,2,3,3,3,4,4,4,4,4,3,3,0
123,F,20,대구광역시,2,3,3,3,3,3,5,3,3,3,3,3,3,3
124,F,40,충청남도(세종시 포함),3,1,4,3,3,2,5,5,5,5,5,5,1,4
125,M,50,서울특별시,4,3,3,2,3,2,2,2,3,3,3,3,2,0
126,M,30,서울특별시,2,3,3,3,3,3,3,3,3,3,3,3,3,3
127,F,30,인천광역시,1,1,3,2,1,3,4,3,3,4,4,3,4,3
128,M,30,경상북도,2,1,3,2,2,2,4,2,4,2,4,3,2,2
129,F,60,경상남도,3,4,1,4,4,3,3,3,3,3,3,3,3,1
130,F,50,울산광역시,2,1,2,2,3,1,1,1,1,1,1,2,1,0
131,F,30,대전광역시,3,1,1,4,1,1,2,1,2,1,3,3,3,3
132,F,40,광주광역시,1,3,2,3,4,3,3,3,3,3,3,3,2,4
133,M,60,서울특별시,3,1,4,1,1,1,4,1,4,1,3,2,1,1
134,M,20,충청남도(세종시 포함),2,1,4,4,4,3,3,3,3,3,3,4,2,2
135,M,60,대구광역시,1,2,1,2,3,2,2,2,2,2,1,1,1,1
136,M,60,강원도,2,2,4,2,3,2,3,2,2,2,2,2,3,1
137,M,30,서울특별시,2,1,1,1,1,1,1,1,1,1,1,1,1,3
138,M,60,전라북도,4,3,2,3,3,4,3,3,4,4,4,3,3,1
139,F,30,경상북도,3,3,4,3,3,3,3,3,3,3,3,4,3,3
140,F,50,부산광역시,1,3,2,3,4,3,3,3,4,3,3,4,1,0
141,F,20,강원도,1,2,4,3,4,3,4,2,3,3,3,3,1,0
142,M,50,충청북도,2,3,3,3,3,3,3,3,3,3,3,3,3,2
143,M,30,서울특별시,2,1,4,1,3,1,5,1,5,3,1,5,1,3
144,F,40,광주광역시,4,3,2,2,2,2,4,2,4,2,4,4,2,0
145,M,30,서울특별시,4,1,4,3,4,1,4,1,3,2,3,4,1,1
146,F,40,충청남도(세종시 포함),3,1,3,3,4,2,3,3,4,5,4,4,3,4
147,M,60,광주광역시,1,4,4,3,3,3,4,3,4,4,4,3,2,1
148,F,60,경상남도,4,1,1,2,3,2,3,3,2,2,1,3,1,0
149,M,60,경상북도,4,3,4,2,3,3,3,3,3,2,2,3,2,1
150,M,30,부산광역시,1,3,3,3,3,3,3,3,3,3,3,3,3,1
151,M,20,경기도,2,2,4,3,3,2,3,3,4,3,2,3,2,2
152,M,50,광주광역시,3,3,1,4,3,1,3,3,3,4,1,5,3,1
153,M,20,강원도,2,1,5,3,3,3,3,3,3,3,3,3,1,2
154,M,20,경기도,2,3,3,3,3,3,3,3,3,3,3,3,3,2
155,M,50,부산광역시,3,2,3,2,3,3,3,2,4,1,3,3,2,1
156,M,60,강원도,4,4,4,3,5,1,4,1,2,2,2,2,1,1
157,F,50,경상남도,2,5,5,4,5,5,3,3,5,5,5,5,2,0
158,M,40,경상남도,3,3,1,3,4,1,1,3,4,4,3,3,3,1
159,F,60,부산광역시,1,1,3,4,4,2,2,4,5,4,3,4,1,0
160,F,30,경상남도,3,3,5,3,5,1,5,3,4,3,3,5,3,3
161,F,30,강원도,2,1,1,3,4,1,3,3,3,3,3,4,3,3
162,M,60,충청북도,2,1,3,2,3,3,2,1,3,3,4,3,1,1
163,M,50,경기도,4,1,5,2,5,1,3,1,4,4,3,5,1,0
164,M,50,경상남도,3,3,5,5,4,3,3,3,4,4,4,4,3,1
165,F,50,서울특별시,4,1,4,2,2,1,4,4,4,4,4,2,3,0
166,F,40,부산광역시,4,3,1,3,3,3,3,3,3,3,3,4,3,0
167,M,60,서울특별시,2,2,5,2,3,2,3,3,4,4,4,3,2,1
168,F,30,충청남도(세종시 포함),4,3,3,4,4,3,3,3,3,3,3,4,3,0
169,F,40,경상북도,4,1,3,3,4,1,2,1,1,1,1,1,1,0
170,F,60,전라남도,3,2,3,2,3,2,3,2,3,2,3,3,2,1
171,M,50,경상북도,2,2,1,3,2,3,3,3,3,3,3,3,2,2
172,M,40,경상남도,2,3,2,4,2,2,4,2,4,2,4,4,1,2
173,F,50,울산광역시,1,3,3,3,3,4,3,3,5,5,5,3,3,0
174,M,30,서울특별시,4,1,3,4,4,3,3,4,3,4,3,3,3,1
175,M,60,전라남도,2,4,2,2,2,2,4,4,4,5,3,4,2,1
176,M,50,서울특별시,4,1,3,3,4,3,3,3,3,4,3,3,3,0
177,F,60,부산광역시,1,4,4,3,3,3,4,2,1,2,3,2,3,0
178,M,50,서울특별시,3,1,3,3,1,1,1,4,1,2,4,2,1,1
179,M,50,광주광역시,1,1,1,2,3,1,3,1,3,1,1,3,1,0
180,M,20,광주광역시,2,1,5,3,5,3,5,2,4,2,3,3,3,2
181,F,20,경기도,2,2,1,2,3,2,4,3,3,3,3,4,1,0
182,M,50,경기도,4,1,5,2,4,2,4,2,2,3,2,5,1,0
183,M,40,부산광역시,2,3,5,4,3,3,4,4,4,4,3,2,2,2
184,F,30,서울특별시,2,2,3,3,3,1,3,3,3,3,3,3,2,3
185,F,30,서울특별시,4,1,2,3,4,1,4,3,4,3,4,3,1,3
186,F,60,경기도,1,2,2,2,4,2,4,2,4,4,4,4,2,0
187,M,50,서울특별시,4,4,1,4,3,4,3,3,3,4,3,3,3,0
188,F,20,경기도,2,2,4,3,4,3,4,3,3,4,3,5,3,0
189,F,40,전라남도,4,1,3,3,3,2,4,2,4,4,4,4,2,0
190,F,50,경상북도,4,1,1,3,3,1,3,2,3,3,3,3,3,0
191,M,50,전라북도,3,2,5,2,4,3,5,2,4,2,2,4,3,1
192,M,30,인천광역시,3,1,1,1,1,1,1,1,1,1,1,1,1,1
193,M,40,충청북도,4,3,3,3,4,3,3,3,4,4,4,3,3,2
194,M,20,서울특별시,2,3,3,3,3,3,3,3,3,3,3,3,3,1
195,M,20,전라남도,4,3,3,3,3,3,3,3,3,3,3,3,3,0
196,M,40,대구광역시,2,2,3,3,3,3,3,3,3,3,3,3,3,2
197,M,20,경기도,2,1,1,1,1,1,1,1,1,1,1,1,1,2
198,F,60,경기도,3,3,4,3,3,2,5,3,4,4,4,4,2,0
199,M,60,경기도,2,1,1,2,3,4,3,2,3,3,3,3,2,2
200,F,50,충청남도(세종시 포함),3,2,3,2,1,1,2,1,3,2,1,3,1,0
201,F,60,경기도,1,1,1,1,1,1,1,1,1,1,1,1,1,0
202,M,40,인천광역시,2,1,1,2,2,1,2,2,2,3,3,2,3,2
203,F,60,인천광역시,4,2,3,3,3,3,3,3,3,2,2,4,3,0
204,M,60,경기도,1,1,1,4,5,1,2,2,4,3,4,4,2,1
205,M,50,서울특별시,4,2,1,3,3,4,3,4,3,4,4,4,3,0
206,M,30,강원도,2,1,3,3,3,1,3,4,2,2,3,4,1,2
207,M,40,인천광역시,4,1,4,3,4,2,4,3,3,3,4,3,3,2
208,M,50,경기도,3,3,4,4,4,2,3,3,3,4,3,3,2,0
209,F,50,인천광역시,2,3,1,3,3,3,4,3,4,4,4,3,3,0
210,F,50,서울특별시,4,2,3,1,5,1,2,1,4,3,2,3,1,0
211,F,50,광주광역시,3,2,3,3,3,3,3,4,3,4,3,3,3,0
212,M,60,전라남도,1,3,2,3,3,3,3,4,1,5,3,4,4,1
213,F,60,경기도,1,1,4,3,3,3,5,2,5,5,3,1,1,0
214,M,50,서울특별시,2,1,1,2,2,1,1,1,1,1,1,1,1,1
215,F,40,강원도,4,2,4,3,2,1,5,5,4,2,4,3,2,0
216,F,40,충청남도(세종시 포함),3,3,2,3,3,3,4,3,3,3,4,4,3,4
217,M,50,충청남도(세종시 포함),2,1,1,1,3,3,3,3,3,3,3,3,3,2
218,F,50,부산광역시,3,1,3,3,4,1,2,2,2,2,2,3,1,0
219,M,30,경기도,2,2,3,4,2,1,4,3,4,4,4,4,3,2
220,F,30,대구광역시,3,2,2,2,3,2,3,3,4,2,2,4,2,3
221,M,50,부산광역시,2,3,1,3,3,3,3,3,3,3,3,3,3,2
222,M,40,인천광역시,4,1,4,3,3,1,4,1,2,3,1,2,1,2
223,F,50,광주광역시,4,1,1,1,1,1,3,3,4,4,5,4,2,0
224,F,20,경상북도,4,1,4,3,4,2,5,3,5,3,4,5,1,0
225,F,60,경기도,3,1,2,2,4,1,1,1,1,2,2,1,1,0
226,M,20,인천광역시,4,1,5,5,1,4,5,1,4,4,4,4,1,0
227,M,50,경기도,4,3,3,4,4,4,4,4,4,4,4,4,4,0
228,M,60,울산광역시,3,4,4,3,4,2,3,3,3,3,3,3,2,1
229,M,50,부산광역시,3,3,2,3,4,3,3,3,5,5,4,4,3,1
230,F,40,대구광역시,2,1,1,4,4,3,3,3,3,3,3,3,4,2
231,M,50,충청남도(세종시 포함),4,3,1,3,3,3,3,3,3,3,3,3,3,0
232,M,50,충청남도(세종시 포함),4,3,4,3,3,3,3,3,3,4,3,4,2,0
233,F,60,경기도,3,1,3,3,4,2,4,2,4,3,4,3,2,0
234,M,60,경기도,4,2,2,2,3,4,4,3,3,3,3,4,3,0
235,F,20,경기도,2,3,3,4,3,3,4,4,3,4,4,4,4,0
236,F,30,경상북도,2,1,1,1,3,1,1,1,1,1,1,4,1,3
237,M,30,강원도,1,3,3,3,3,3,3,3,3,3,3,3,3,1
238,M,60,강원도,4,3,4,4,4,3,3,4,4,3,3,4,3,1
239,M,40,인천광역시,4,1,3,3,3,3,3,3,3,3,3,3,1,2
240,F,20,경상남도,3,3,3,3,3,3,3,3,3,3,3,3,3,4
241,F,20,전라북도,4,3,1,5,4,1,4,3,5,3,4,4,3,0
242,M,60,대전광역시,1,2,4,3,3,4,3,3,3,3,3,3,3,1
243,F,30,서울특별시,3,3,3,3,3,3,3,3,3,3,3,3,3,3
244,M,40,대구광역시,4,1,5,4,5,3,4,3,3,3,3,5,2,2
245,F,50,충청남도(세종시 포함),2,3,4,3,3,3,3,3,4,4,4,3,3,0
246,F,30,경상남도,3,4,4,4,4,4,4,4,4,4,4,4,4,3
247,M,60,경기도,1,3,5,3,3,4,4,4,4,4,5,5,3,1
248,M,50,경기도,3,1,5,4,4,2,3,3,4,4,4,3,1,0
249,M,30,전라남도,2,3,2,2,2,3,3,3,3,4,3,2,4,2
250,F,20,경기도,3,1,2,3,2,1,3,2,3,3,3,3,1,0
251,F,60,경기도,1,2,3,3,3,3,4,5,4,4,5,3,4,0
252,F,60,경기도,1,3,3,3,3,3,3,3,3,3,3,3,3,0
253,F,60,경기도,4,3,4,3,3,3,3,3,3,3,3,4,3,0
254,F,60,경기도,1,2,2,2,2,3,3,4,5,5,5,4,3,0
255,F,60,경기도,3,1,1,2,2,3,3,3,3,3,4,2,3,0
256,F,60,경기도,3,1,3,1,1,1,3,3,1,1,1,1,3,0
257,F,50,서울특별시,3,1,3,1,1,2,1,5,3,5,5,1,5,0
258,F,50,서울특별시,4,1,5,3,3,3,4,3,5,4,4,4,1,0
259,F,50,경기도,2,1,1,2,4,2,2,2,4,3,2,2,2,0
260,F,50,경기도,4,3,3,3,3,3,4,3,5,5,4,3,3,0
261,F,50,경기도,4,3,4,3,3,3,4,4,5,5,5,4,3,0
262,F,50,경기도,3,2,3,3,3,1,3,2,3,3,3,3,1,0
263,F,50,경기도,4,1,2,3,3,1,3,3,5,5,5,4,1,0
264,F,50,경기도,4,1,5,4,3,2,5,1,5,5,4,3,1,0
265,F,50,경기도,4,3,5,4,3,4,3,4,4,4,4,4,2,0
266,F,50,경기도,2,1,5,1,4,2,4,2,3,3,3,3,1,0
267,F,50,경기도,1,3,3,3,3,3,3,3,3,3,3,3,3,0
268,F,50,경기도,4,3,3,4,3,3,3,3,3,4,3,3,3,0
269,F,50,경기도,1,2,1,1,2,4,3,3,3,4,4,3,2,0
270,F,50,경기도,3,2,1,3,3,4,3,4,4,4,4,4,3,0
271,F,50,광주광역시,2,4,5,4,5,5,3,4,4,5,5,5,3,0
272,F,50,경상북도,4,1,1,1,1,1,1,1,1,1,1,1,1,0
273,F,40,서울특별시,2,1,4,5,4,4,5,5,5,5,5,5,3,3
274,F,40,서울특별시,1,1,3,3,4,2,4,3,4,3,3,4,3,3
275,F,40,서울특별시,1,3,4,3,3,3,3,3,3,3,3,2,2,3
276,F,40,서울특별시,4,4,4,1,5,4,3,5,5,5,5,4,3,0
277,F,40,서울특별시,4,1,1,5,5,1,3,1,3,4,2,5,1,0
278,F,40,서울특별시,3,1,4,2,3,3,4,3,5,3,4,4,3,4
279,F,40,서울특별시,3,1,1,3,1,4,5,4,5,5,5,5,3,4
280,F,40,충청북도,4,2,4,4,4,2,2,2,2,2,3,2,2,0
281,F,40,충청북도,4,1,1,4,3,1,2,1,2,1,1,2,1,0
282,F,30,경기도,1,3,3,3,3,3,1,3,3,3,3,3,1,0
283,F,30,경기도,3,2,1,2,5,5,3,1,3,3,1,4,1,0
284,F,30,경기도,3,2,3,4,5,2,3,3,4,4,3,4,2,0
285,F,30,경기도,3,1,5,3,5,3,4,3,3,3,3,4,3,0
286,F,30,경기도,2,2,1,3,2,1,5,3,4,5,5,4,4,3
287,F,30,충청남도(세종시 포함),2,2,3,3,1,1,3,1,4,4,3,4,1,3
288,F,30,충청남도(세종시 포함),3,1,3,3,2,3,3,2,3,3,2,4,2,3
289,F,30,충청남도(세종시 포함),2,3,4,3,4,3,3,3,3,3,3,3,3,3
290,F,30,전라북도,2,1,3,3,4,3,3,3,3,3,3,3,3,3
291,F,30,전라북도,4,1,3,3,3,1,3,1,4,3,3,4,1,0
292,F,20,서울특별시,2,1,1,3,4,2,2,3,4,4,5,4,2,3
293,F,20,서울특별시,4,1,1,1,1,1,1,4,5,4,5,5,5,0
294,F,20,서울특별시,1,3,4,3,5,3,3,2,2,2,2,4,3,3
295,F,20,서울특별시,3,1,5,4,3,4,3,3,4,4,4,4,3,1
296,F,20,서울특별시,3,3,5,5,4,4,5,4,4,5,5,5,1,1
297,M,60,경기도,3,3,3,3,3,2,4,3,4,2,3,3,3,1
298,M,60,경기도,4,2,5,2,5,2,3,2,3,2,2,3,2,0
299,M,60,경기도,1,1,5,2,3,2,3,2,5,4,5,4,2,1
300,M,60,경기도,1,4,3,2,5,3,3,3,2,3,2,3,2,1
301,M,60,강원도,3,2,2,2,4,2,2,3,2,2,2,3,2,1
302,M,50,서울특별시,2,2,3,3,4,2,2,2,2,2,3,3,2,1
303,M,50,서울특별시,2,3,3,3,4,2,3,2,4,3,3,3,2,1
304,M,50,서울특별시,4,3,3,3,3,4,3,4,4,4,4,3,3,0
305,M,50,서울특별시,3,2,4,2,3,2,4,2,4,5,5,4,4,1
306,M,50,서울특별시,3,2,2,2,3,2,2,2,2,1,2,2,1,1
307,M,50,서울특별시,4,1,5,1,5,4,5,5,3,3,4,5,1,0
308,M,50,대구광역시,3,1,1,1,1,1,2,1,1,1,1,1,1,1
309,M,50,대구광역시,4,3,2,3,4,5,5,4,5,5,5,4,3,0
310,M,40,경기도,1,1,2,2,4,1,2,1,4,2,4,4,1,2
311,M,40,경기도,2,3,3,3,5,1,3,1,3,1,3,4,1,2
312,M,40,경기도,3,2,3,4,3,3,3,3,4,3,4,3,3,2
313,M,40,경기도,4,1,1,2,2,3,4,3,4,4,3,4,1,2
314,M,40,경기도,4,2,3,3,4,1,4,3,4,3,3,3,3,2
315,M,40,경기도,1,2,3,1,5,3,4,3,3,3,2,3,2,2
316,M,40,경기도,4,3,3,3,4,3,3,3,4,4,4,3,3,2
317,M,40,경기도,2,1,1,1,3,1,1,1,1,1,1,3,1,2
318,M,40,충청북도,4,1,3,1,2,1,4,1,4,3,3,5,1,2
319,M,30,경기도,3,1,5,3,5,3,3,3,3,3,3,3,1,1
320,M,30,경기도,2,2,4,2,2,3,4,2,4,3,2,3,1,2
321,M,30,경기도,3,1,4,3,1,1,5,1,5,3,5,4,1,1
322,M,30,경기도,1,1,1,1,1,1,1,1,1,1,1,1,1,2
323,M,30,경기도,3,1,2,1,1,1,1,2,3,1,1,1,1,1
324,M,30,서울특별시,2,3,3,4,4,3,3,3,4,4,4,4,3,3
325,M,30,서울특별시,1,1,1,1,1,1,1,1,1,1,1,1,1,1
326,M,30,서울특별시,4,1,4,4,1,1,5,1,5,5,2,3,1,1
327,M,30,서울특별시,3,5,4,4,5,3,4,5,4,4,5,3,3,1
328,M,30,서울특별시,4,1,1,5,5,3,3,3,5,5,3,5,2,1
329,M,30,서울특별시,4,1,3,4,3,2,4,3,3,1,2,4,2,1
330,M,20,경기도,4,1,3,2,2,2,4,1,4,2,2,3,1,0
331,M,20,경기도,2,1,2,3,4,2,3,1,3,3,3,3,1,2
332,M,20,경기도,4,1,3,3,3,3,3,3,3,3,3,3,3,0
333,M,20,경기도,3,1,1,1,4,1,5,1,5,4,4,3,1,1
334,M,20,대전광역시,1,2,2,5,5,2,4,5,4,5,4,4,2,1
335,M,20,대전광역시,4,4,5,3,5,3,5,4,5,3,4,5,3,0
336,F,20,충청남도(세종시 포함),1,1,3,3,3,3,3,3,3,3,3,3,3,0
337,M,20,전라남도,2,3,3,2,3,2,3,3,3,3,3,4,3,2
338,M,20,전라남도,2,1,5,3,4,1,4,2,3,4,5,4,2,2
339,M,20,부산광역시,1,1,4,4,4,4,4,4,4,4,4,4,1,1
340,M,20,서울특별시,1,2,4,2,2,2,3,3,2,2,5,2,2,1
341,M,20,대구광역시,1,3,2,3,2,2,3,3,3,2,2,2,2,1
342,M,20,대구광역시,1,3,3,5,4,3,3,3,4,5,5,4,3,1
343,M,20,경상북도,4,1,3,1,4,3,3,5,3,5,4,5,5,0
344,M,20,전라북도,2,2,4,3,3,2,4,2,5,3,4,3,1,2
345,M,20,부산광역시,1,5,5,5,4,2,3,5,4,5,2,5,4,1
346,M,20,충청남도(세종시 포함),1,1,4,1,1,1,3,1,3,1,5,1,1,1
347,M,20,부산광역시,3,4,5,2,4,4,4,2,3,4,5,5,2,1
348,M,20,전라남도,1,3,4,3,3,3,3,3,3,2,3,3,2,1
349,M,40,서울특별시,3,1,1,3,2,2,4,2,4,3,4,4,3,1
350,M,60,서울특별시,2,2,3,2,2,2,3,2,2,2,2,4,2,1
351,M,60,서울특별시,4,1,3,3,3,1,4,2,4,4,4,3,1,1
352,M,50,대전광역시,3,1,2,2,3,3,3,1,3,3,3,2,1,1
353,F,50,부산광역시,1,3,1,3,2,4,4,4,5,4,4,4,4,0
354,F,40,경기도,3,1,3,2,4,1,3,1,4,3,3,5,1,4
355,F,50,대구광역시,2,2,3,2,3,2,2,2,2,2,2,2,2,0
356,F,40,경상남도,3,1,1,1,4,1,3,2,3,3,3,4,3,4
357,M,50,경상남도,3,1,1,1,1,1,1,1,1,1,1,5,1,1
358,M,60,경상남도,4,3,4,3,3,3,4,3,4,4,4,4,2,1
359,F,40,경기도,2,1,5,2,5,1,3,3,3,2,4,5,1,2
360,F,50,전라남도,3,3,3,3,3,3,3,3,3,3,3,3,3,0
361,M,20,인천광역시,1,2,3,3,2,2,4,3,3,4,4,4,2,1
362,M,50,경기도,3,1,4,2,3,2,3,2,5,4,5,3,1,0
363,F,40,경기도,4,3,5,3,2,2,3,3,4,3,4,4,3,0
364,F,50,대전광역시,2,3,5,5,3,3,3,3,3,3,4,4,3,0
365,M,50,충청남도(세종시 포함),3,3,2,4,3,4,4,3,4,4,4,4,4,1
366,M,40,전라남도,3,1,3,3,3,3,3,3,3,4,3,3,3,1
367,F,20,경상북도,1,3,1,5,4,2,3,2,4,4,4,4,1,0
368,M,30,인천광역시,2,2,5,4,4,2,5,4,4,2,4,5,1,2
369,F,30,서울특별시,2,3,4,3,3,3,3,3,4,3,3,3,3,3
370,M,20,울산광역시,2,4,2,4,2,2,2,2,1,4,2,4,4,2
371,F,40,경기도,2,3,5,4,5,4,4,4,4,4,4,4,3,2
372,M,40,울산광역시,3,1,1,3,2,3,3,2,3,4,3,4,3,1
373,F,40,전라북도,3,1,4,1,4,2,3,2,3,3,3,3,2,4
374,F,20,경상북도,1,3,4,3,4,3,3,3,3,3,4,4,3,0
375,F,30,인천광역시,2,3,2,2,4,1,4,2,4,4,4,4,3,3
376,M,30,대구광역시,4,2,3,3,3,2,4,3,2,4,2,3,3,0
377,M,60,부산광역시,4,3,4,4,3,4,3,3,3,3,3,3,3,1
378,M,50,경기도,2,2,3,2,2,2,4,2,3,3,3,3,2,2
379,M,40,인천광역시,2,3,2,4,4,3,3,3,3,3,3,3,3,2
380,F,50,강원도,3,3,1,1,2,4,3,3,5,2,5,3,2,0
381,F,60,부산광역시,1,2,2,2,3,2,2,3,3,3,3,3,2,0
382,F,50,인천광역시,4,3,5,2,3,4,5,3,3,4,3,5,4,0
383,M,30,경상남도,2,1,2,1,5,1,1,1,5,4,4,3,1,2
384,M,60,부산광역시,2,4,3,5,2,3,3,3,4,3,3,3,3,1
385,F,60,서울특별시,4,1,1,1,1,1,1,4,1,1,1,4,5,0
386,M,50,경기도,3,2,1,3,3,1,1,2,1,3,1,3,3,0
387,M,60,경상남도,4,4,4,3,4,2,2,2,3,3,3,3,2,1
388,F,20,대구광역시,3,3,5,4,4,3,3,3,4,3,4,4,3,4
389,M,40,부산광역시,3,2,4,4,5,3,3,3,3,3,3,4,3,1
390,F,60,경상북도,3,3,3,2,3,2,4,2,2,3,3,2,1,1
391,F,40,강원도,4,2,4,2,4,3,3,2,3,3,4,4,2,0
392,F,30,충청북도,2,3,3,1,4,3,2,3,2,1,2,5,3,3
393,M,40,대구광역시,2,3,3,3,3,2,5,3,4,3,2,4,1,2
394,F,40,경기도,4,1,3,2,5,1,4,3,4,2,5,4,1,0
395,F,50,전라북도,2,1,1,5,5,2,2,2,5,5,5,5,3,0
396,M,40,대전광역시,3,3,4,4,4,1,4,3,4,4,3,4,3,1
397,M,60,부산광역시,4,1,3,2,3,4,3,4,4,4,4,4,1,1
398,F,50,경상남도,3,1,2,1,1,1,2,3,3,4,3,3,1,0
399,M,50,경기도,3,3,3,4,4,3,3,3,3,4,2,4,4,0
400,M,40,서울특별시,3,1,5,2,2,2,2,4,4,5,5,5,4,1
401,M,60,서울특별시,3,2,2,2,3,4,3,4,5,3,5,3,3,1
402,M,20,광주광역시,1,3,3,3,3,3,3,3,3,3,3,3,3,1
403,F,60,강원도,4,3,2,3,3,1,4,3,3,3,4,4,3,0
404,F,40,경상북도,1,2,3,2,3,2,3,3,3,2,3,3,2,4
405,M,50,울산광역시,3,2,1,3,3,2,4,2,3,4,4,3,2,1
406,F,20,광주광역시,4,2,4,3,3,3,3,3,1,3,3,3,3,0
407,F,20,경기도,1,2,4,3,5,1,3,3,3,3,2,3,1,0
408,F,20,울산광역시,1,1,3,4,3,3,3,4,5,5,4,3,3,0
409,F,20,경기도,1,1,5,3,1,1,3,1,4,5,4,3,1,0
410,F,40,경기도,3,2,3,3,4,3,4,4,4,3,4,4,2,4
411,F,60,경상남도,1,3,2,3,4,3,4,3,4,3,3,4,2,0
412,F,20,제주도,1,1,4,4,4,1,4,3,3,2,4,4,1,0
413,M,30,전라남도,3,3,3,3,3,3,3,3,3,3,3,3,3,1
414,M,60,대구광역시,4,2,2,3,4,4,4,3,3,3,3,3,3,1
415,F,30,경상북도,3,1,1,4,3,1,2,3,1,2,3,3,1,3
416,M,30,강원도,3,3,1,3,2,3,3,3,3,3,3,3,3,1
417,F,20,전라남도,3,2,3,3,4,2,3,3,4,3,4,4,2,4
418,M,30,대구광역시,2,3,3,3,3,3,3,3,3,3,3,3,3,2
419,M,50,강원도,4,3,3,3,3,3,4,4,3,3,3,4,3,0
420,M,60,울산광역시,1,1,1,1,1,1,5,1,4,4,4,3,1,1
421,M,50,경기도,1,1,4,3,2,1,3,2,3,2,1,4,1,0
422,M,30,전라북도,4,2,3,4,4,2,3,2,2,3,3,4,1,0
423,M,50,충청남도(세종시 포함),4,1,2,2,3,2,3,4,4,4,4,4,2,0
424,F,30,인천광역시,3,1,4,5,4,1,3,1,5,1,1,2,1,4
425,M,30,전라북도,3,1,3,3,3,1,3,1,3,3,3,3,3,1
426,F,20,충청남도(세종시 포함),1,3,4,4,4,3,5,3,5,4,4,4,3,0
427,M,30,부산광역시,4,1,5,4,1,1,5,1,3,3,1,4,1,0
428,M,40,서울특별시,2,1,5,1,1,1,5,1,5,1,1,1,1,2
429,F,40,대구광역시,1,2,5,4,5,1,2,2,4,4,4,3,1,4
430,F,60,광주광역시,4,1,1,3,1,3,4,1,4,4,4,5,1,0
431,F,40,경기도,4,1,4,1,2,1,4,1,3,3,4,3,1,0
432,F,50,충청북도,3,1,1,1,1,3,3,3,2,3,4,3,1,0
433,F,30,경상남도,2,1,2,3,3,1,3,3,3,3,3,3,1,3
434,M,50,부산광역시,2,1,1,1,1,1,1,1,1,1,1,1,1,2
435,F,30,경상남도,2,4,2,4,4,4,5,4,5,4,4,4,4,3
436,F,40,울산광역시,4,1,1,3,3,2,5,3,5,5,5,4,3,0
437,F,30,서울특별시,2,3,5,5,5,4,3,3,4,4,4,4,3,3
438,F,60,대구광역시,4,3,4,4,4,3,3,3,3,3,3,3,3,0
439,F,30,인천광역시,3,3,4,4,4,3,4,4,3,4,3,4,3,4
440,F,20,대구광역시,2,4,4,4,4,3,3,3,3,3,3,4,3,3
441,F,40,경기도,4,1,3,4,3,3,4,1,5,3,2,4,3,0
442,M,50,인천광역시,4,3,4,3,4,3,3,3,3,3,3,3,3,0
443,F,40,경기도,3,2,4,4,3,3,3,3,3,3,2,3,2,4
444,M,50,경기도,4,3,3,3,4,3,4,3,4,4,4,4,3,0
445,F,20,경기도,2,2,4,4,4,3,4,3,3,3,3,4,3,0
446,F,30,서울특별시,3,1,1,3,4,4,4,3,4,4,5,4,2,3
447,F,20,부산광역시,3,3,1,2,4,3,4,2,5,5,5,4,1,4
448,F,60,인천광역시,2,2,3,4,4,2,3,3,4,3,4,3,2,3
449,M,40,전라북도,2,3,4,3,4,3,3,3,3,3,3,3,3,2
450,M,60,울산광역시,2,4,5,5,4,4,5,4,5,5,5,5,4,1
451,F,40,울산광역시,3,2,1,3,4,2,4,2,5,5,5,5,1,4
452,F,60,부산광역시,1,4,5,5,4,4,5,4,5,5,4,5,4,0
453,M,60,전라북도,4,3,3,3,4,3,4,3,4,3,3,4,3,1
454,M,50,경기도,4,1,5,1,1,1,5,4,5,1,4,5,4,0
455,F,20,경기도,3,2,3,2,5,2,2,3,5,3,4,4,2,0
456,M,50,인천광역시,3,3,3,3,3,3,4,4,4,4,4,5,5,1
457,M,40,서울특별시,1,1,1,3,4,1,2,1,2,2,2,4,1,1
458,F,30,인천광역시,3,3,4,4,4,3,4,3,3,3,3,4,3,4
459,F,40,경상남도,2,3,5,4,5,4,4,4,4,4,4,4,4,2
460,F,40,경기도,3,3,5,5,4,2,5,4,5,5,4,5,2,4
461,F,60,충청북도,1,3,2,3,3,5,3,3,5,5,3,3,3,0
462,F,60,강원도,2,2,3,2,3,3,4,1,2,2,2,4,1,3
463,M,40,서울특별시,4,2,4,3,3,3,3,3,3,3,3,4,3,1
464,M,60,서울특별시,4,1,5,3,1,3,5,3,4,3,4,4,4,1
465,M,40,충청남도(세종시 포함),3,2,3,2,2,3,3,3,3,3,2,2,2,1
466,F,30,대전광역시,3,1,3,4,4,3,4,3,4,4,5,4,3,3
467,F,40,충청남도(세종시 포함),4,1,5,2,2,5,5,5,5,5,5,5,5,0
468,F,20,경상남도,1,2,3,3,3,1,4,3,5,3,4,4,3,0
469,M,30,경상남도,3,1,5,4,5,4,4,3,4,3,4,4,3,1
470,F,60,전라북도,4,3,3,5,4,2,4,3,5,4,5,5,3,0
471,M,40,서울특별시,4,2,1,3,3,2,3,2,3,3,3,3,1,1
472,F,20,경기도,1,2,5,3,5,3,5,5,5,3,3,5,2,0
473,M,30,경상남도,2,2,3,3,3,1,5,3,5,5,4,3,1,2
474,F,20,부산광역시,4,2,4,3,4,3,2,3,4,3,2,4,3,0
475,F,60,충청남도(세종시 포함),3,3,1,3,3,3,3,2,3,4,3,4,3,1
476,F,30,경상북도,1,2,4,3,4,3,3,3,3,3,3,3,3,3
477,F,30,부산광역시,1,4,4,4,4,4,4,4,4,4,4,4,4,3
478,M,50,경기도,4,2,2,2,4,3,3,3,3,3,3,3,3,0
479,M,50,대전광역시,4,2,4,4,5,5,5,5,5,5,5,4,4,0
480,F,40,경상북도,3,1,4,4,4,2,3,3,4,4,4,5,2,4
481,M,50,경기도,3,1,1,5,3,1,1,1,1,1,1,2,1,0
482,M,40,인천광역시,4,1,2,2,3,2,4,3,4,3,4,4,3,2
483,F,50,전라북도,1,1,1,1,1,1,1,1,1,1,1,1,1,0
484,M,50,경상남도,3,2,3,4,4,3,3,2,4,4,4,2,1,1
485,F,20,대전광역시,2,3,1,2,3,3,3,3,3,3,3,3,2,3
486,F,60,인천광역시,3,3,4,3,4,4,3,3,5,4,4,2,1,4
487,M,50,광주광역시,2,1,1,2,1,2,3,2,3,4,3,3,1,2
488,F,60,인천광역시,4,1,4,3,2,3,4,4,4,4,4,4,3,0
489,M,40,인천광역시,3,4,5,4,3,4,4,4,5,3,4,4,3,4
490,F,20,충청북도,3,1,4,3,4,2,3,1,3,3,3,4,3,4
491,F,30,서울특별시,1,2,1,4,4,2,3,3,5,2,4,4,3,3
492,M,50,대전광역시,3,3,3,3,4,3,5,5,4,4,4,4,3,1
493,F,40,제주도,3,3,4,3,3,3,4,4,3,3,3,4,3,4
494,M,50,인천광역시,4,3,4,4,4,3,3,3,3,3,3,3,3,0
495,M,50,부산광역시,3,3,1,3,3,1,3,3,3,3,3,3,3,1
496,F,60,서울특별시,3,1,2,2,2,5,2,4,3,5,4,3,4,1
497,M,60,서울특별시,2,1,3,3,4,2,3,4,3,3,3,3,2,1
498,M,60,서울특별시,2,1,2,2,1,3,4,4,4,3,5,4,2,1
499,F,60,서울특별시,2,1,1,1,1,1,1,1,1,1,1,1,1,3
500,F,60,서울특별시,2,5,3,4,3,3,3,3,4,3,3,4,3,3
501,F,60,서울특별시,3,3,3,1,1,3,3,3,3,3,3,2,1,1
502,F,60,서울특별시,3,2,3,3,3,3,5,3,5,3,3,3,3,1
503,F,60,경상북도,1,4,4,3,3,3,2,2,3,3,3,4,2,0
504,F,50,서울특별시,2,2,2,3,4,2,4,3,5,4,3,4,2,3
505,F,50,서울특별시,4,2,5,4,4,2,2,1,2,2,2,1,1,0
506,F,50,서울특별시,3,3,4,3,3,3,3,3,4,3,3,3,3,0
507,F,50,서울특별시,2,1,3,4,5,1,1,1,4,3,2,1,1,3
508,F,50,인천광역시,4,1,4,2,4,2,3,1,3,3,3,3,1,0
509,F,50,인천광역시,4,4,3,3,4,1,1,1,2,1,4,1,1,0
510,F,50,충청북도,2,1,3,2,5,2,2,2,2,2,2,4,1,0
511,F,40,경기도,3,1,1,3,3,1,4,3,3,3,4,4,1,4
512,F,40,경기도,3,2,1,3,3,3,4,3,3,3,4,3,2,4
513,F,40,경기도,3,2,1,3,3,1,3,3,3,4,4,4,2,4
514,F,40,경기도,3,3,2,3,2,2,2,3,3,4,4,4,1,4
515,F,40,경기도,4,1,4,5,5,4,4,1,5,5,5,5,2,0
516,F,40,경기도,3,1,1,4,4,1,3,5,5,5,5,5,1,4
517,F,40,서울특별시,2,3,1,1,4,1,5,2,4,4,4,3,4,3
518,F,40,서울특별시,3,3,3,3,3,3,5,3,5,5,4,4,3,4
519,F,40,서울특별시,2,1,1,3,3,1,4,1,4,3,4,1,1,3
520,F,40,서울특별시,3,2,1,4,3,4,4,4,3,3,4,4,4,4
521,F,40,서울특별시,4,1,2,3,3,4,3,3,4,4,4,3,4,0
522,F,40,서울특별시,4,3,3,4,3,3,4,3,4,4,4,4,3,0
523,F,40,서울특별시,3,1,3,4,3,2,4,3,4,3,4,4,2,4
524,F,40,서울특별시,2,1,3,3,4,3,4,3,3,3,4,3,3,3
525,F,40,부산광역시,3,1,3,3,3,5,4,4,5,5,5,4,4,4
526,F,40,부산광역시,2,1,1,2,2,2,5,3,2,4,4,5,3,2
527,F,40,부산광역시,2,1,1,1,1,1,5,4,4,4,4,3,1,2
528,F,40,부산광역시,3,4,3,4,5,2,4,4,4,3,4,4,3,4
529,F,40,대구광역시,3,1,1,3,1,1,4,1,5,3,3,1,1,4
530,F,40,대구광역시,3,4,2,3,4,3,3,3,3,3,3,3,3,4
531,F,40,대구광역시,4,4,5,3,4,4,4,3,4,3,4,5,3,0
532,F,30,경기도,1,3,2,3,4,3,3,3,3,4,4,4,3,0
533,F,30,경기도,4,3,4,3,3,3,4,4,3,3,3,4,3,0
534,F,30,경기도,4,1,4,3,4,2,3,2,4,5,4,4,2,0
535,F,30,경기도,2,3,3,3,3,3,5,3,3,3,3,3,3,3
536,F,30,경기도,2,2,2,3,3,4,3,3,4,4,3,4,3,3
537,F,30,서울특별시,1,3,4,3,4,3,4,3,4,4,3,4,3,3
538,F,30,서울특별시,4,2,3,4,4,4,4,4,4,4,4,4,3,3
539,F,30,서울특별시,2,1,2,2,3,2,4,3,5,3,4,3,4,3
540,F,30,울산광역시,2,1,4,2,3,1,3,1,4,4,4,1,1,3
541,F,20,경기도,3,1,4,4,3,1,4,3,4,3,3,5,1,0
542,F,20,경기도,3,2,4,3,4,3,3,4,3,3,4,4,2,0
543,F,20,경기도,4,2,3,4,4,2,4,4,4,4,4,4,2,0
544,F,20,경기도,3,1,5,3,5,5,3,3,5,5,3,5,3,0
545,F,20,경기도,2,1,5,3,1,1,3,3,3,1,3,3,1,0
546,M,60,서울특별시,4,4,5,2,3,3,3,4,4,4,5,4,2,1
547,M,60,서울특별시,4,2,3,1,4,4,5,5,5,5,4,5,2,1
548,M,60,서울특별시,1,3,3,3,3,3,3,3,3,3,3,3,3,1
549,M,60,서울특별시,3,1,5,1,1,4,1,1,4,4,1,1,1,1
550,M,60,서울특별시,3,2,3,3,3,3,3,3,4,3,4,3,3,1
551,M,60,서울특별시,3,2,2,2,3,3,4,3,4,4,4,4,4,1
552,M,60,서울특별시,4,3,4,3,4,3,4,2,4,4,4,3,2,1
553,M,60,광주광역시,4,1,1,3,4,4,4,3,3,3,3,4,3,1
554,M,50,부산광역시,4,3,1,4,3,4,4,3,4,4,5,5,3,0
555,M,50,부산광역시,3,2,3,2,4,2,2,2,2,2,2,3,2,1
556,M,50,부산광역시,3,3,5,3,4,3,3,3,3,3,3,4,3,1
557,M,50,부산광역시,2,3,3,3,2,3,4,4,4,4,4,4,3,2
558,M,50,인천광역시,1,1,1,3,2,3,1,4,1,3,1,1,4,0
559,M,50,인천광역시,4,1,1,3,3,4,5,4,3,3,5,5,1,0
560,M,50,인천광역시,3,2,4,2,3,3,3,3,3,3,3,4,3,1
561,M,50,대전광역시,4,3,3,3,3,3,3,3,3,3,3,3,3,0
562,M,50,대전광역시,3,2,5,2,5,3,2,3,3,3,4,3,1,1
563,M,50,전라북도,3,3,2,3,3,2,3,3,3,4,4,2,3,1
564,M,50,전라북도,4,3,2,3,4,3,2,2,3,2,2,3,2,0
565,M,40,경기도,3,3,3,3,3,3,3,3,3,3,3,3,3,2
566,M,40,경기도,3,3,4,3,4,3,3,3,4,4,4,3,3,2
567,M,40,경기도,3,2,3,3,3,2,3,3,3,4,3,4,2,2
568,M,40,경기도,3,2,5,4,3,3,4,3,4,4,4,4,3,2
569,M,40,경기도,3,2,3,2,3,2,3,2,2,4,3,4,1,2
570,M,40,경기도,2,3,4,4,4,2,3,3,3,3,3,3,2,2
571,M,40,경기도,3,3,4,2,5,1,5,4,4,2,5,1,3,2
572,M,40,경기도,4,3,2,3,4,3,3,4,5,4,5,3,3,2
573,M,40,부산광역시,3,1,5,3,3,1,4,3,3,5,4,5,1,1
574,M,40,부산광역시,4,1,4,2,5,3,4,2,3,3,4,5,3,2
575,M,40,경상북도,3,3,3,3,3,3,3,3,3,3,3,3,3,1
576,M,30,경기도,2,1,4,4,4,1,2,1,4,3,2,4,1,2
577,F,60,경기도,1,1,2,1,2,2,1,2,2,4,2,4,1,0
578,F,60,대전광역시,2,3,3,3,2,2,3,3,2,2,4,4,3,3
579,M,20,인천광역시,2,4,4,4,3,1,4,2,4,4,4,4,1,2
580,F,60,경기도,3,2,2,2,3,2,3,2,3,3,2,3,2,0
581,M,20,전라북도,3,3,3,2,2,2,3,3,2,3,3,3,3,1
582,F,60,대구광역시,2,4,3,4,4,3,4,4,4,5,4,4,4,3
583,F,50,경상북도,4,2,3,3,2,1,3,2,3,2,3,3,2,0
584,M,30,경기도,4,2,5,5,5,5,3,3,5,4,5,3,2,0
585,M,20,인천광역시,3,2,3,3,3,2,3,2,4,4,3,2,3,1
586,M,20,경기도,2,3,3,3,3,3,3,3,3,3,3,3,3,2
587,F,60,강원도,1,1,3,2,1,1,4,3,3,4,2,5,1,0
588,F,60,경기도,4,1,3,3,1,2,4,3,4,3,4,4,3,0
589,M,20,경기도,4,2,2,3,4,2,3,2,4,3,3,3,3,0
590,M,20,경기도,2,3,3,1,1,1,5,3,1,1,1,1,1,2
591,M,20,경기도,4,3,3,3,3,3,3,3,3,3,3,3,3,0
592,M,20,제주도,2,1,4,3,3,2,3,2,4,3,4,3,3,2
593,M,20,부산광역시,1,2,5,3,3,3,3,4,2,5,4,2,2,1
594,M,20,경기도,1,3,3,3,3,3,3,3,3,3,3,3,3,2
595,M,20,부산광역시,1,4,3,3,3,3,3,3,3,3,3,2,3,1
596,M,20,경기도,3,1,5,1,3,3,3,1,3,3,3,3,1,1
597,M,20,제주도,1,3,3,3,3,2,3,3,3,3,3,2,2,1
598,F,50,전라남도,4,3,3,3,3,3,3,3,3,3,3,3,3,0
599,F,60,전라남도,2,1,4,2,3,2,3,3,4,4,4,4,4,3
600,M,20,대전광역시,1,4,3,3,4,3,4,2,3,4,4,4,3,1
601,M,20,경상북도,4,1,5,4,1,1,2,2,2,2,2,1,1,0
602,F,60,경기도,4,1,3,3,4,3,5,3,4,5,5,3,4,0
603,M,30,경기도,3,1,4,3,4,3,4,3,5,4,4,4,3,1
604,M,20,서울특별시,2,1,5,1,4,3,4,4,4,4,4,4,2,1
605,M,20,충청남도(세종시 포함),1,3,4,3,3,3,3,3,4,3,3,3,3,1
606,M,20,서울특별시,4,3,5,4,3,3,3,3,3,3,3,3,3,1
607,M,30,경기도,4,2,5,2,1,1,5,3,3,3,3,5,3,0
608,M,20,서울특별시,4,2,3,3,5,4,4,4,4,4,4,4,4,1
609,M,20,대구광역시,1,3,4,3,3,3,3,3,3,3,3,3,3,1
610,M,20,대구광역시,4,1,5,1,1,1,5,1,5,2,5,5,1,0
611,M,20,부산광역시,3,2,5,4,3,3,4,4,5,3,5,4,1,1
612,M,40,서울특별시,4,2,4,3,4,3,3,3,3,3,3,3,3,1
613,M,50,서울특별시,4,3,3,4,4,3,4,3,4,3,3,5,3,0
614,F,20,서울특별시,1,2,1,2,4,1,2,1,1,5,5,3,1,3
615,M,40,서울특별시,2,3,2,3,4,3,3,2,4,5,4,3,4,2
616,M,40,서울특별시,3,2,4,3,5,4,3,5,5,5,5,5,3,1
617,F,30,충청북도,2,1,1,3,3,3,5,4,4,4,4,4,2,3
618,F,50,충청남도(세종시 포함),1,2,3,3,3,3,4,3,3,3,4,3,4,0
619,F,50,충청남도(세종시 포함),4,2,1,3,3,3,3,5,5,5,5,5,3,0
620,F,30,전라북도,1,1,3,4,4,1,4,1,3,3,2,4,1,3
621,M,30,인천광역시,3,1,4,3,3,2,3,3,3,3,3,3,1,1
622,F,20,대전광역시,2,2,4,4,4,3,4,3,4,3,4,4,3,3
623,F,50,경기도,4,2,3,3,2,2,4,5,4,3,4,4,4,0
624,F,60,인천광역시,4,2,3,3,3,3,3,3,3,3,3,3,3,0
625,F,20,서울특별시,4,3,3,3,3,3,3,3,3,3,3,3,3,0
626,F,60,경기도,2,3,3,3,3,2,2,2,2,2,2,2,2,0
627,M,30,전라북도,2,1,2,3,3,1,4,2,3,3,3,4,1,2
628,M,60,부산광역시,3,3,4,1,3,2,3,4,3,4,4,1,1,1
629,F,60,경기도,4,1,3,2,1,2,3,1,3,5,3,4,2,0
630,M,60,경상북도,2,3,3,3,4,3,3,3,4,4,3,3,2,1
631,M,40,대전광역시,3,1,4,2,4,4,4,3,4,4,4,4,1,1
632,M,50,서울특별시,3,3,3,3,3,3,3,3,3,3,3,3,3,1
633,M,30,경기도,2,2,3,3,2,2,3,2,4,3,3,4,2,2
634,M,50,경기도,3,3,4,4,4,4,4,4,4,4,4,4,4,0
635,F,20,충청남도(세종시 포함),4,3,1,3,5,1,3,3,3,3,3,3,3,0
636,F,40,경상북도,3,1,2,4,4,3,3,3,3,3,3,3,3,4
637,F,50,충청남도(세종시 포함),4,1,1,2,1,1,3,2,3,4,4,2,1,0
638,M,40,경상남도,3,1,3,4,4,2,2,2,2,2,2,3,1,1
639,M,60,경상북도,2,2,4,1,1,1,1,1,1,1,1,1,1,1
640,F,20,경상북도,4,3,3,3,3,3,3,3,3,3,3,3,3,0
641,M,30,경기도,4,1,1,4,4,3,4,4,4,5,4,4,3,0
642,F,60,강원도,2,1,1,2,1,3,1,3,3,3,3,4,3,3
643,M,40,경상남도,4,1,4,4,4,1,3,2,2,3,3,3,1,2
644,F,20,서울특별시,4,1,1,1,5,1,2,1,2,1,1,2,2,0
645,F,50,경기도,4,4,2,2,4,4,3,3,4,4,4,3,3,0
646,M,40,광주광역시,4,3,1,3,3,2,3,3,3,5,3,3,3,2
647,M,40,대구광역시,2,4,3,5,3,3,4,4,4,3,4,3,4,2
648,M,60,전라남도,2,2,2,2,2,2,2,2,1,1,2,2,1,1
649,M,30,전라북도,2,1,2,2,5,1,5,1,5,5,5,5,1,2
650,F,30,충청남도(세종시 포함),4,3,5,3,5,3,3,3,3,3,3,2,3,0
651,F,60,광주광역시,3,1,1,1,1,1,1,1,5,5,1,1,1,1
652,M,30,대구광역시,4,5,5,5,5,5,5,5,5,5,5,5,5,0
653,M,20,경기도,4,1,4,3,3,1,4,3,2,3,3,4,1,0
654,F,40,경상남도,3,3,3,3,3,3,3,3,3,3,3,3,5,4
655,M,30,경기도,2,2,2,3,2,2,3,2,3,2,2,3,2,2
656,F,30,충청남도(세종시 포함),2,1,1,4,4,4,4,2,5,3,5,5,3,3
657,F,30,부산광역시,1,2,4,4,4,2,3,3,3,3,3,4,1,3
658,M,40,제주도,1,1,2,2,1,1,5,2,4,5,5,4,1,2
659,F,30,충청북도,2,1,4,1,4,1,1,1,1,1,1,3,1,3
660,F,20,서울특별시,4,3,3,4,3,3,3,3,3,3,3,3,3,0
661,M,60,경상북도,3,4,4,4,3,4,4,4,3,4,5,3,3,1
662,M,60,부산광역시,2,4,4,3,3,3,3,2,3,3,3,3,3,1
663,F,20,전라북도,4,3,4,3,2,2,5,2,2,4,3,5,3,0
664,F,30,충청북도,1,3,4,4,5,3,5,3,5,5,4,5,3,3
665,F,20,인천광역시,4,1,3,3,5,2,5,2,5,4,4,5,3,0
666,M,40,전라남도,3,3,3,3,3,3,3,3,3,3,3,3,3,1
667,M,60,경기도,1,3,2,3,2,3,3,2,3,3,3,3,3,1
668,M,60,대구광역시,1,2,2,2,3,1,2,2,3,2,2,3,1,1
669,F,60,경기도,4,1,1,2,1,2,4,3,3,4,1,3,1,0
670,F,50,부산광역시,4,1,3,2,2,3,3,3,3,2,3,5,3,0
671,M,50,경상남도,3,3,1,3,4,3,3,1,3,5,4,3,1,1
672,M,30,광주광역시,2,1,1,1,1,1,1,1,1,1,1,1,1,2
673,M,50,울산광역시,3,1,1,1,3,2,3,2,4,4,4,4,2,1
674,F,30,충청남도(세종시 포함),2,1,4,2,3,2,3,2,3,3,2,3,2,3
675,M,40,서울특별시,2,3,3,3,3,3,3,3,3,3,3,3,3,2
676,M,60,경기도,3,2,2,3,2,3,4,5,3,4,2,5,4,1
677,M,60,경기도,4,3,3,2,3,3,3,3,4,4,4,4,2,0
678,M,30,울산광역시,2,2,3,2,4,3,3,3,3,3,3,3,3,2
679,M,30,부산광역시,2,2,3,3,4,1,2,3,3,3,3,3,1,2
680,M,60,경기도,4,4,2,3,4,2,2,2,2,1,4,3,1,0
681,F,40,제주도,2,3,5,2,5,3,3,3,5,4,4,4,3,2
682,F,50,경기도,2,4,4,5,3,4,4,3,5,5,5,5,2,0
683,F,50,경상남도,3,2,3,3,3,2,4,3,3,4,4,3,3,0
684,M,50,경상북도,3,3,4,4,4,3,3,3,4,3,3,3,3,1
685,M,40,인천광역시,4,2,3,1,3,4,1,3,5,4,4,4,3,2
686,F,50,경기도,3,2,1,3,4,3,3,3,3,4,3,3,3,0
687,M,60,경상남도,3,4,3,3,3,2,4,3,4,3,3,3,3,1
688,F,40,경상남도,4,2,2,3,3,4,4,3,4,4,4,4,2,0
689,M,60,경기도,3,5,2,4,2,2,4,2,4,2,2,2,2,1
690,M,30,경기도,3,1,1,1,1,1,1,1,1,1,1,1,1,1
691,F,30,대전광역시,4,2,4,4,4,3,4,3,4,4,4,3,2,0
692,F,40,충청남도(세종시 포함),3,4,3,4,4,4,4,4,4,4,4,4,3,4
693,F,40,광주광역시,3,2,2,3,3,3,3,3,3,3,3,3,3,4
694,M,30,대구광역시,4,3,5,3,4,3,1,3,1,1,3,5,3,0
695,F,60,경기도,2,2,2,2,2,2,4,2,4,2,1,2,3,0
696,F,20,충청북도,3,2,5,4,4,2,5,2,4,4,4,4,2,4
697,F,30,전라북도,3,3,4,4,5,1,3,2,4,4,3,4,2,3
698,M,60,경기도,3,3,3,3,3,3,3,3,3,3,3,3,3,1
699,F,20,인천광역시,3,4,5,4,5,1,3,1,4,3,4,3,3,4
700,M,50,경기도,4,3,3,3,3,1,3,3,3,3,3,3,1,0
701,F,50,강원도,4,5,5,5,5,3,5,3,5,3,5,5,3,0
702,M,30,경기도,4,3,4,4,4,1,4,1,4,4,4,3,1,0
703,F,50,충청남도(세종시 포함),4,1,3,3,5,3,3,2,5,5,5,3,2,0
704,M,40,전라남도,2,1,2,1,2,1,1,1,1,1,1,1,1,2
705,F,50,제주도,2,4,5,4,4,3,3,2,3,2,3,4,2,0
706,F,50,경기도,3,4,4,4,4,4,4,4,4,4,4,4,4,0
707,M,30,서울특별시,4,1,4,1,1,1,1,1,1,1,1,1,1,1
708,F,30,경상남도,4,1,1,1,3,1,1,1,1,1,1,4,1,0
709,F,20,광주광역시,1,3,3,3,4,3,3,3,3,3,3,3,3,0
710,M,60,대전광역시,3,2,1,3,3,3,3,3,4,3,3,4,3,1
711,M,30,경기도,4,1,4,1,1,1,4,5,3,3,3,3,1,0
712,F,50,경상남도,3,2,2,3,3,3,3,4,4,3,4,3,2,0
713,F,30,인천광역시,1,4,3,4,3,3,3,3,4,4,4,3,3,3
714,M,50,서울특별시,3,2,3,3,3,3,3,3,2,3,2,3,3,1
715,F,60,경기도,2,3,3,3,3,4,4,3,4,3,4,3,3,0
716,M,60,경기도,3,1,5,2,1,1,4,2,5,4,3,3,1,1
717,M,60,경기도,3,1,1,1,1,4,4,4,4,4,4,4,1,1
718,F,20,강원도,2,2,1,3,5,3,4,2,4,4,4,3,3,3
719,F,30,광주광역시,4,1,3,2,3,1,4,3,5,4,4,5,1,0
720,M,30,울산광역시,1,1,4,1,3,1,4,1,4,2,4,4,1,1
721,M,40,인천광역시,4,2,4,3,3,2,3,2,2,4,4,4,1,2
722,M,30,경기도,2,1,3,1,1,1,3,1,3,3,1,3,1,2
723,M,50,경상북도,4,3,4,3,4,4,3,3,3,3,3,3,1,0
724,M,50,충청북도,2,3,3,3,3,2,2,2,3,2,3,2,3,2
725,F,20,전라북도,4,1,5,4,4,2,4,3,4,2,3,4,2,0
726,M,60,부산광역시,2,3,4,3,4,3,3,3,3,3,3,3,3,1
727,M,20,서울특별시,4,1,3,3,3,1,3,1,5,4,4,2,1,1
728,M,30,경기도,3,1,3,2,4,4,5,5,3,3,3,4,4,1
729,M,40,대전광역시,3,1,3,4,3,2,5,3,5,4,4,5,2,1
730,F,40,대전광역시,4,3,3,3,4,4,3,3,3,3,3,3,3,0
731,M,30,서울특별시,2,1,5,3,3,1,5,3,5,3,5,5,3,3
732,F,50,경기도,4,2,1,3,3,3,3,3,4,4,4,4,3,0
733,F,30,전라북도,2,1,2,2,3,3,5,4,4,2,4,4,2,3
734,M,20,경기도,4,3,4,3,4,4,4,4,4,4,4,4,3,0
735,M,60,경기도,4,1,4,3,3,3,4,3,4,4,3,4,3,0
736,M,30,서울특별시,1,3,3,2,4,3,3,3,3,3,3,3,4,1
737,F,60,경기도,4,3,3,3,3,4,3,4,4,3,3,3,3,0
738,F,40,경상북도,3,3,3,3,3,3,3,3,3,3,3,3,3,4
739,F,50,경기도,1,3,4,1,2,2,5,1,5,2,4,4,1,0
740,F,40,경상남도,1,3,4,3,3,3,3,3,4,3,3,3,3,4
741,M,50,대구광역시,1,1,1,2,1,2,1,2,1,1,1,1,1,0
742,F,60,서울특별시,4,3,4,4,3,2,3,4,4,3,3,4,3,0
743,F,60,서울특별시,2,4,2,2,3,4,4,4,3,3,3,2,4,3
744,F,60,서울특별시,3,1,4,4,4,1,1,1,4,1,1,1,1,1
745,F,60,서울특별시,4,2,1,3,3,1,4,1,3,4,3,3,1,0
746,F,60,서울특별시,2,2,4,4,4,1,4,4,4,3,3,4,3,3
747,F,60,서울특별시,3,1,1,1,3,1,3,1,3,3,1,1,1,1
748,F,50,서울특별시,1,4,4,4,4,4,4,4,4,4,4,4,4,0
749,F,50,서울특별시,3,1,1,2,3,4,4,3,3,5,4,5,1,0
750,F,50,서울특별시,4,1,1,2,4,1,5,1,5,3,3,4,1,0
751,F,50,서울특별시,4,3,3,3,4,3,4,5,4,4,5,4,3,0
752,F,50,서울특별시,4,2,2,3,1,2,5,2,3,4,4,4,3,0
753,F,50,부산광역시,1,2,4,4,3,3,3,4,3,4,3,4,1,0
754,F,50,부산광역시,3,3,3,3,3,3,3,3,3,3,3,3,3,0
755,F,50,부산광역시,4,2,2,5,4,3,4,4,5,1,5,3,3,0
756,F,50,전라북도,3,1,3,3,4,1,1,1,1,1,1,1,1,0
757,F,50,제주도,4,1,3,3,5,5,3,3,2,4,3,2,3,0
758,F,40,서울특별시,4,1,4,4,1,1,4,3,4,4,4,4,3,0
759,F,40,서울특별시,4,1,5,4,3,3,3,3,3,3,4,3,3,0
760,F,40,서울특별시,4,1,3,3,3,1,3,1,5,5,5,3,1,0
761,F,40,서울특별시,1,3,1,4,4,3,4,3,3,3,3,4,3,3
762,F,40,서울특별시,2,1,1,1,5,1,4,3,4,4,4,5,3,3
763,F,40,서울특별시,4,1,3,2,3,1,4,1,2,3,2,4,1,0
764,F,40,부산광역시,1,2,3,3,2,3,2,2,2,3,2,3,2,4
765,F,40,부산광역시,4,2,2,3,4,1,4,4,4,3,4,5,2,0
766,F,40,대구광역시,3,3,3,3,3,3,4,3,4,4,4,4,3,4
767,F,40,인천광역시,3,1,3,3,5,2,4,5,5,5,5,5,3,4
768,F,40,인천광역시,3,1,4,1,1,1,2,2,3,1,3,3,1,4
769,F,40,울산광역시,2,3,3,3,3,5,3,3,5,5,5,3,3,2
770,F,30,서울특별시,3,1,2,3,4,1,4,3,3,4,3,4,1,3
771,F,30,서울특별시,2,1,1,1,1,1,1,1,1,1,1,1,1,3
772,F,30,서울특별시,4,2,3,1,2,3,3,1,4,1,1,3,3,3
773,F,30,서울특별시,2,1,2,2,4,3,5,4,3,4,3,4,4,3
774,F,30,경기도,1,2,3,3,3,2,4,3,5,2,5,3,1,0
775,F,30,경기도,4,3,3,4,3,3,3,3,3,3,3,4,3,0
776,F,30,경기도,3,1,1,1,3,1,4,2,3,4,3,3,3,0
777,F,30,부산광역시,2,2,1,3,4,1,3,2,2,4,2,4,3,3
778,F,30,부산광역시,1,2,1,3,3,3,4,3,3,3,3,4,3,3
779,F,30,부산광역시,1,1,5,4,2,1,2,3,3,2,3,4,1,3
780,F,20,서울특별시,4,5,1,5,5,5,5,5,5,5,5,5,5,0
781,F,20,서울특별시,2,4,3,5,2,3,4,3,3,3,3,2,3,3
782,F,20,서울특별시,2,2,1,3,3,3,4,3,3,4,4,4,3,3
783,F,20,대전광역시,1,1,4,2,4,3,5,3,3,3,4,5,3,0
784,M,60,서울특별시,3,3,2,3,4,4,3,4,3,4,4,4,4,1
785,M,60,서울특별시,4,2,3,3,3,5,4,3,3,4,4,3,3,1
786,M,60,서울특별시,3,3,1,2,3,2,4,2,4,4,2,3,2,1
787,M,60,서울특별시,3,1,1,3,4,2,4,1,4,4,4,3,1,1
788,M,60,서울특별시,3,2,3,3,3,2,4,2,3,4,3,4,2,1
789,M,60,서울특별시,1,3,1,1,1,1,1,1,1,1,1,1,1,1
790,M,60,서울특별시,4,2,4,3,4,2,3,2,2,3,2,2,2,1
791,M,60,경기도,3,3,1,4,4,3,2,3,3,3,3,3,2,1
792,M,60,경기도,4,4,4,4,4,3,3,3,3,3,3,3,3,0
793,M,60,경기도,3,3,5,4,3,4,4,4,3,4,4,4,5,1
794,M,60,경기도,2,2,3,3,3,3,5,4,4,4,4,4,2,2
795,M,60,경기도,4,1,4,3,3,3,4,3,4,3,3,3,3,0
796,M,60,경기도,4,2,3,4,4,1,3,1,3,3,3,3,1,0
797,M,60,광주광역시,1,4,4,5,4,4,4,4,5,5,5,5,4,1
798,M,50,경상남도,2,2,3,4,4,3,4,3,4,4,4,4,3,2
799,M,40,경기도,1,4,5,4,4,1,1,1,1,1,1,1,1,2
800,M,40,경기도,4,3,4,3,3,3,3,3,3,3,3,3,1,2
801,M,40,경기도,3,1,1,3,4,1,4,3,3,3,3,3,1,2
802,M,40,경기도,4,1,1,1,1,1,1,1,1,1,1,1,1,2
803,M,40,경기도,3,2,4,3,3,2,3,3,4,3,3,3,2,2
804,M,40,경기도,4,1,4,4,2,2,5,2,4,3,4,4,1,2
805,M,40,경기도,4,1,3,3,3,4,5,4,5,5,5,3,4,2
806,M,40,경기도,3,3,1,3,4,3,3,3,4,4,3,4,2,2
807,M,40,부산광역시,1,3,3,3,3,3,3,4,3,3,3,3,3,2
808,M,40,경상남도,1,1,1,1,1,1,1,1,1,1,1,1,1,2
809,M,40,경상남도,3,1,1,1,3,1,1,1,1,1,1,3,1,1
810,M,40,경상남도,3,1,1,4,4,1,4,1,3,4,4,4,1,1
811,M,40,경상남도,4,1,3,3,5,4,3,2,4,4,4,4,1,2
812,M,30,인천광역시,2,1,4,4,3,3,5,3,4,3,4,3,3,2
813,M,30,인천광역시,3,3,3,3,3,3,3,3,3,3,3,3,3,1
814,M,30,인천광역시,4,3,2,2,2,2,1,2,4,4,4,4,1,0
815,M,30,인천광역시,2,1,4,3,4,3,4,1,4,4,4,4,1,2
816,M,30,인천광역시,2,2,3,4,5,1,3,3,3,4,2,2,1,2
817,M,30,울산광역시,2,1,1,1,1,1,4,1,4,1,1,1,1,2
818,F,60,경기도,4,2,2,2,3,2,2,3,2,2,3,3,3,0
819,M,20,경상남도,2,3,3,3,3,3,3,3,3,3,3,3,3,2
820,F,60,경상북도,3,2,3,2,4,2,3,2,3,2,2,3,2,1
821,M,30,서울특별시,2,4,4,4,4,4,4,4,4,4,4,4,4,3
822,F,60,경상북도,4,2,4,1,2,2,2,2,3,3,4,4,1,0
823,F,60,전라남도,1,2,3,3,2,2,3,3,3,2,3,3,2,0
824,M,20,경상북도,2,1,2,3,1,1,3,3,1,1,1,1,1,2
825,M,20,대구광역시,2,2,4,3,3,3,3,3,3,3,3,3,3,2
826,F,60,경상북도,4,3,3,3,3,4,5,4,3,3,3,4,3,0
827,M,20,경기도,2,2,3,3,3,2,3,3,3,4,3,4,2,2
828,M,20,인천광역시,4,1,5,3,3,3,4,3,4,4,4,4,3,0
829,M,20,서울특별시,3,3,3,3,3,3,3,3,3,3,3,3,3,1
830,M,20,경기도,4,3,4,4,5,5,4,5,3,3,3,3,2,0
831,M,20,경기도,2,3,3,3,3,3,4,3,3,3,3,3,3,2
832,M,20,경상남도,4,1,5,2,3,3,5,3,3,3,3,3,1,0
833,F,60,경상북도,1,2,2,4,2,2,3,3,4,5,2,5,3,0
834,M,20,광주광역시,4,3,3,3,3,3,3,3,3,3,3,3,3,0
835,M,20,전라북도,2,2,4,3,4,3,3,3,3,3,3,4,3,2
836,M,20,전라북도,1,1,5,2,4,2,5,2,4,3,3,4,2,1
837,M,20,서울특별시,2,1,1,3,4,4,5,3,3,3,5,4,1,1
838,M,20,전라북도,2,3,3,4,3,3,3,3,3,3,3,3,2,2
839,M,20,부산광역시,2,3,4,4,4,1,3,3,3,3,3,3,3,2
840,M,30,경기도,2,1,1,3,4,1,4,3,3,3,2,3,3,2
841,M,50,서울특별시,3,1,3,3,3,4,3,3,3,3,3,4,3,1
842,M,30,서울특별시,4,1,2,3,3,2,4,2,5,4,5,4,2,1
843,M,30,서울특별시,2,1,3,5,4,2,3,2,4,4,4,4,2,3
844,M,50,서울특별시,2,3,5,3,3,3,5,3,5,5,5,4,3,1
845,M,50,서울특별시,4,2,3,3,4,1,3,3,3,2,3,4,3,0
846,M,50,서울특별시,4,1,3,3,3,2,3,3,3,4,3,3,1,0
847,M,40,서울특별시,4,1,5,4,5,4,5,3,2,5,4,5,1,1
848,F,30,충청남도(세종시 포함),1,1,1,4,5,3,4,3,4,3,3,4,3,3
849,F,40,강원도,4,3,5,5,4,3,4,4,4,4,4,4,3,0
850,M,50,경상북도,4,1,1,1,3,1,2,1,1,1,1,2,2,0
851,F,40,충청남도(세종시 포함),3,3,3,3,3,4,3,3,4,4,4,4,3,4
852,M,30,전라북도,3,1,3,3,3,1,3,3,3,3,3,3,1,1
853,F,60,강원도,2,2,3,4,5,2,3,3,3,3,3,4,3,3
854,F,20,경기도,2,1,1,3,3,2,3,3,4,3,4,3,3,0
855,M,40,서울특별시,2,3,3,4,4,3,3,3,3,3,3,3,3,2
856,M,30,대구광역시,1,2,3,2,3,3,5,2,3,3,1,3,1,1
857,F,30,대구광역시,2,2,3,3,4,3,4,4,4,4,4,4,3,3
858,M,50,울산광역시,4,3,3,4,4,3,3,3,3,3,3,4,3,0
859,M,50,전라남도,3,1,5,4,5,1,3,1,1,1,1,1,1,1
860,F,60,인천광역시,1,2,3,3,2,2,1,2,1,1,1,2,1,4
861,F,60,경기도,3,4,5,3,3,4,4,3,4,4,3,3,3,0
862,M,60,경상남도,3,2,3,3,3,3,4,4,4,2,3,4,4,1
863,M,40,제주도,3,1,2,3,4,1,3,4,3,5,3,4,2,1
864,M,60,인천광역시,2,2,4,3,2,3,5,3,4,3,4,4,2,1
865,M,40,인천광역시,3,3,2,3,3,3,4,3,4,4,4,4,3,4
866,M,30,경기도,3,2,3,3,4,2,4,2,4,3,4,3,3,1
867,F,60,부산광역시,1,1,3,1,3,3,5,3,4,4,4,5,5,0
868,F,20,경기도,2,4,4,5,4,3,4,3,3,3,3,4,4,0
869,M,50,부산광역시,1,2,4,4,3,2,3,2,3,4,3,3,2,0
870,F,20,강원도,2,3,4,3,3,3,3,3,3,4,3,3,1,3
871,F,50,경기도,2,1,3,1,1,1,2,1,1,1,1,1,1,0
872,F,60,충청남도(세종시 포함),2,1,2,3,3,1,1,1,1,1,1,5,1,3
873,M,50,경상북도,2,2,4,3,3,3,4,3,4,4,3,4,3,2
874,M,40,대구광역시,4,1,4,1,3,1,5,1,5,5,5,4,1,2
875,M,60,충청북도,2,3,3,2,3,3,3,2,2,3,3,3,3,1
876,M,30,부산광역시,2,3,2,3,2,4,4,2,2,3,2,2,3,2
877,F,60,경상남도,4,3,3,3,3,3,4,3,5,5,4,4,3,0
878,F,60,울산광역시,2,1,3,3,3,2,3,2,2,2,3,3,1,3
879,F,60,전라북도,2,4,1,5,2,3,5,4,5,4,3,4,2,3
880,M,60,부산광역시,2,3,4,3,4,2,1,3,3,3,3,3,1,1
881,M,50,경기도,2,2,3,2,3,1,3,4,3,1,4,3,1,2
882,F,20,경기도,3,4,4,4,4,4,4,4,4,4,4,5,4,0
883,F,60,인천광역시,4,1,2,3,3,1,3,2,3,3,2,4,1,0
884,F,60,광주광역시,3,3,3,3,3,3,3,3,1,4,4,2,3,1
885,F,20,인천광역시,2,1,5,3,3,3,5,3,4,3,4,5,3,3
886,M,50,충청남도(세종시 포함),3,2,3,3,2,2,3,3,3,3,3,2,3,1
887,M,40,서울특별시,4,3,5,3,4,3,4,3,5,3,3,4,3,1
888,M,50,경기도,3,1,2,2,2,2,4,2,4,4,3,4,2,0
889,M,40,충청북도,3,2,4,3,3,2,4,3,4,3,3,4,1,1
890,F,40,경상북도,3,2,3,4,3,3,4,4,4,4,4,4,2,4
891,M,50,경기도,4,1,4,1,4,1,3,2,3,3,2,3,1,0
892,M,50,경기도,4,2,1,1,3,4,3,1,4,3,4,4,1,0
893,M,40,충청남도(세종시 포함),3,3,3,4,3,4,5,2,5,4,5,5,2,1
894,M,40,서울특별시,3,1,5,3,2,2,5,1,3,3,4,2,1,1
895,F,50,경기도,2,2,3,3,4,2,4,3,4,4,4,4,2,0
896,F,30,대구광역시,2,3,1,2,2,3,3,2,2,2,3,2,2,3
897,F,40,경기도,3,1,2,3,3,1,3,2,4,4,4,2,1,4
898,F,60,경기도,2,3,3,3,3,3,3,4,3,4,3,3,3,0
899,M,20,경기도,4,1,5,4,5,2,5,1,5,5,5,5,3,0
900,F,50,광주광역시,4,1,3,4,3,3,1,3,1,3,3,4,1,0
901,M,50,부산광역시,1,1,4,2,1,1,5,1,4,4,3,2,1,0
902,M,50,경기도,4,1,4,2,2,2,4,2,5,4,5,3,2,0
903,F,50,대전광역시,4,3,3,3,2,4,4,4,4,4,4,4,4,0
904,M,30,부산광역시,4,1,4,2,1,1,3,1,4,3,3,3,1,0
905,F,30,인천광역시,3,1,1,4,5,2,5,2,3,3,3,4,1,4
906,F,20,경기도,4,4,1,3,2,3,5,3,5,4,4,4,3,0
907,M,40,전라남도,3,2,4,3,4,3,3,3,3,3,3,3,3,1
908,F,30,강원도,2,3,3,3,3,3,3,3,3,3,3,3,3,3
909,M,40,전라북도,2,1,1,1,5,1,1,1,2,1,1,1,1,2
910,M,60,인천광역시,3,1,4,1,3,2,4,1,2,2,3,1,1,1
911,M,30,서울특별시,2,1,1,5,5,1,5,1,5,5,5,5,1,3
912,M,50,경기도,1,2,2,3,3,2,3,2,3,3,3,3,2,0
913,M,60,전라북도,3,1,1,2,3,1,1,1,1,1,1,3,1,1
914,M,30,부산광역시,3,3,4,3,3,3,4,3,4,4,4,4,3,1
915,F,40,경상북도,3,1,5,3,5,2,4,3,4,5,4,4,3,4
916,F,50,경기도,3,3,2,4,3,3,5,4,5,5,5,5,4,0
917,F,50,전라남도,1,3,2,3,3,3,3,3,3,3,3,3,3,0
918,F,20,인천광역시,3,3,4,3,3,3,3,3,3,3,4,3,3,4
919,F,50,경기도,4,1,2,1,1,2,3,4,2,1,3,3,1,0
920,F,50,경상남도,2,3,1,3,3,3,3,3,4,4,3,4,3,0
921,F,60,충청남도(세종시 포함),2,3,4,3,4,3,3,3,5,4,3,3,3,3
922,F,50,경상남도,2,2,1,2,4,3,2,3,4,3,4,4,2,0
923,M,30,경상남도,2,2,5,4,4,2,3,1,4,1,2,2,1,2
924,F,50,인천광역시,2,2,2,3,4,1,1,1,2,1,2,2,1,0
925,M,20,광주광역시,4,3,4,3,2,3,4,2,4,3,3,4,3,0
926,M,60,전라남도,2,4,4,4,4,4,4,4,4,4,4,4,4,1
927,F,40,충청남도(세종시 포함),1,3,3,3,3,3,3,3,3,3,3,3,3,4
928,M,50,경기도,4,1,3,3,4,1,3,1,5,3,4,4,1,0
929,F,50,충청북도,4,3,3,3,4,3,3,3,4,3,2,2,3,0
930,F,20,전라남도,2,1,2,2,4,1,3,3,3,4,4,5,3,3
931,F,20,경기도,1,3,3,3,3,3,4,3,3,3,3,3,3,0
932,M,50,부산광역시,4,1,3,2,3,2,3,2,5,5,5,2,1,0
933,M,50,인천광역시,2,3,3,3,4,3,4,3,3,3,3,4,3,2
934,M,30,서울특별시,3,3,5,4,4,3,5,3,5,5,4,4,3,1
935,F,20,경상북도,2,2,1,3,5,4,3,2,4,4,4,5,2,3
936,F,40,경기도,2,1,3,1,3,1,3,2,3,3,3,3,1,2
937,M,50,광주광역시,2,3,3,3,3,3,3,3,3,3,3,3,3,2
938,F,20,울산광역시,2,1,4,1,3,3,3,3,3,3,3,3,1,3
939,M,30,전라남도,4,3,5,3,4,3,3,3,3,3,4,4,3,0
940,M,30,서울특별시,3,1,4,4,4,2,4,2,4,4,4,4,1,1
941,F,60,경기도,3,2,4,3,3,3,4,4,4,3,4,4,3,0
942,M,40,서울특별시,4,3,3,4,4,2,3,1,3,2,3,3,1,1
943,F,30,경상남도,4,3,1,4,5,3,3,3,1,1,1,2,3,0
944,M,40,전라북도,2,1,2,2,1,2,1,2,1,1,1,1,1,2
945,F,50,충청남도(세종시 포함),2,2,3,4,4,4,4,4,4,4,4,4,3,0
946,M,30,경기도,2,1,5,3,2,1,5,3,5,5,5,5,1,2
947,M,50,서울특별시,4,2,3,3,5,3,3,3,3,3,3,3,3,0
948,F,40,경기도,3,3,3,3,3,3,3,3,3,3,3,3,3,4
949,F,40,경기도,3,3,3,2,4,1,4,3,3,3,3,4,2,4
950,M,50,부산광역시,4,1,3,1,4,1,5,1,3,3,3,3,1,0
951,F,60,경상남도,3,3,1,2,3,1,2,3,3,1,3,2,1,1
952,F,50,충청북도,3,3,3,2,4,1,2,2,2,1,3,4,2,0
953,F,50,대구광역시,4,1,4,4,4,3,4,2,4,3,3,4,3,0
954,M,40,인천광역시,4,3,1,2,3,1,2,1,3,3,2,2,1,2
955,F,30,충청남도(세종시 포함),2,1,1,3,4,3,3,3,4,2,2,2,2,3
956,F,50,인천광역시,4,2,3,3,4,2,4,3,5,3,5,3,2,0
957,F,60,부산광역시,3,1,1,2,4,2,3,2,3,3,3,2,1,1
958,F,60,강원도,1,2,2,3,2,3,3,2,4,3,2,4,2,0
959,F,50,충청남도(세종시 포함),3,1,3,1,3,4,4,1,4,5,4,4,1,0
960,M,60,경상북도,3,3,3,3,3,3,4,4,4,4,4,4,3,1
961,M,50,경기도,3,2,3,3,2,4,3,3,4,4,4,3,2,0
962,F,30,대구광역시,2,1,5,3,3,3,3,5,5,5,5,5,1,3
963,F,60,경기도,4,4,3,4,3,3,4,4,3,4,3,4,4,0
964,M,20,충청북도,2,1,4,1,1,1,4,2,4,3,3,4,3,2
965,M,30,서울특별시,4,1,2,2,3,1,4,2,3,2,4,5,1,1
966,M,30,경기도,3,2,3,3,3,2,4,4,4,4,4,4,2,1
967,F,50,광주광역시,3,3,2,4,4,1,5,2,4,4,3,5,2,0
968,F,30,충청북도,3,1,1,1,3,1,3,1,3,2,3,4,1,3
969,F,50,경기도,3,1,4,2,2,1,3,2,3,3,3,3,1,0
970,M,40,전라북도,2,1,2,1,3,1,2,4,2,1,1,2,5,2
971,M,60,경상남도,2,3,5,5,3,5,3,3,3,5,3,3,3,1
972,M,40,인천광역시,2,1,1,1,3,2,3,2,4,3,3,4,2,2
973,F,50,충청남도(세종시 포함),3,3,2,3,3,1,4,3,5,5,4,4,1,0
974,M,50,경기도,3,2,3,3,3,3,3,3,3,3,3,3,3,0
975,F,20,인천광역시,2,1,5,2,5,2,4,4,5,4,5,4,3,3
976,M,30,경기도,3,4,5,5,5,4,5,5,5,4,4,5,4,1
977,F,50,충청남도(세종시 포함),3,3,3,3,3,5,5,3,5,5,5,5,3,0
978,M,60,경상북도,3,4,4,4,4,3,4,3,4,3,4,4,3,1
979,M,30,경상북도,2,3,4,4,3,3,5,3,5,5,5,4,3,2
980,M,40,서울특별시,4,3,1,2,5,3,4,3,5,4,5,4,3,1
981,F,50,경기도,3,4,4,4,5,5,5,5,5,5,5,4,5,0
982,M,40,충청북도,3,2,4,4,4,2,4,2,5,3,4,5,2,1
983,F,40,경기도,3,2,3,3,3,2,3,3,4,3,4,4,2,4
984,M,20,경기도,2,3,3,4,4,4,3,4,3,4,3,4,3,2
985,M,50,서울특별시,4,2,3,1,2,1,3,4,3,2,3,3,3,0
986,F,60,울산광역시,2,2,2,2,2,4,1,4,2,4,4,2,2,3
987,F,50,충청북도,4,2,3,3,3,3,3,3,4,3,3,4,3,0
988,M,50,대구광역시,2,3,2,3,3,3,3,3,3,3,3,2,3,2
989,M,50,전라북도,4,2,1,4,4,2,4,3,3,3,4,4,2,0
990,F,60,대전광역시,3,3,4,4,5,4,4,4,4,4,4,4,4,1
991,F,20,대구광역시,2,2,3,3,4,2,4,2,4,4,4,4,3,3
992,F,50,경기도,4,3,4,3,4,3,4,1,3,3,4,4,1,0
993,F,20,전라남도,1,1,3,5,3,1,5,1,5,5,5,5,1,0
994,F,60,전라북도,1,4,4,3,4,3,3,4,3,4,4,3,3,0
995,M,50,서울특별시,2,1,1,3,3,1,4,1,3,1,3,3,1,1
996,F,60,서울특별시,4,3,4,3,4,2,4,2,4,3,2,3,2,0
997,F,60,서울특별시,1,3,1,3,3,3,3,3,3,3,3,3,3,1
998,F,60,서울특별시,2,1,1,1,1,1,1,1,1,1,1,1,1,3
999,F,60,서울특별시,4,2,3,3,2,2,4,3,3,3,3,3,2,0
1000,F,60,서울특별시,4,2,4,3,3,2,3,3,3,3,4,4,2,0
1001,F,60,서울특별시,4,5,4,3,3,3,2,5,3,2,3,3,3,0
1002,F,60,서울특별시,4,3,3,3,3,3,3,3,4,4,4,3,2,0
1003,F,60,서울특별시,3,4,3,1,3,1,3,1,3,2,2,4,1,1
1004,F,60,서울특별시,1,3,4,4,3,3,3,3,3,4,3,3,3,1
1005,F,60,서울특별시,2,3,3,3,3,2,4,2,2,2,1,1,3,3
1006,F,50,서울특별시,2,4,3,3,4,4,5,5,3,5,4,4,3,3
1007,F,50,서울특별시,2,2,3,3,2,1,3,2,3,2,2,2,1,3
1008,F,50,서울특별시,4,1,4,1,4,1,3,3,4,4,4,3,2,0
1009,F,50,서울특별시,3,1,4,2,2,4,3,3,4,4,4,3,3,0
1010,F,50,서울특별시,3,3,5,4,5,3,3,3,5,4,4,5,3,0
1011,F,50,부산광역시,4,5,4,5,5,2,3,4,5,5,3,3,4,0
1012,F,50,부산광역시,2,3,4,4,3,3,4,3,4,3,4,4,3,0
1013,F,50,부산광역시,3,2,4,4,3,3,4,3,5,5,4,3,2,0
1014,F,50,충청남도(세종시 포함),2,3,3,3,2,2,3,2,3,3,3,3,3,0
1015,F,50,충청남도(세종시 포함),2,3,4,4,4,3,3,3,4,3,4,4,3,0
1016,F,40,서울특별시,2,3,3,3,3,3,3,3,3,3,4,5,3,3
1017,F,40,서울특별시,4,2,2,4,4,3,4,3,4,4,4,4,3,0
1018,F,40,서울특별시,3,3,3,3,4,3,4,3,3,4,4,4,4,4
1019,F,40,서울특별시,3,3,1,2,3,1,3,1,4,1,2,2,1,4
1020,F,40,전라북도,1,2,3,4,4,3,2,3,3,4,5,3,5,4
1021,F,40,전라북도,3,2,2,3,3,2,2,1,4,2,4,3,1,4
1022,F,30,서울특별시,3,1,1,3,3,1,3,1,4,3,3,3,3,3
1023,F,30,서울특별시,4,3,2,3,4,3,3,3,4,4,4,4,3,3
1024,F,30,서울특별시,2,2,3,4,4,3,4,3,4,4,4,4,3,3
1025,F,30,경기도,3,3,3,3,3,1,3,1,3,3,3,3,1,0
1026,F,30,경기도,2,1,1,1,3,1,3,3,5,4,5,5,1,3
1027,F,30,경기도,1,1,1,3,5,3,3,4,4,3,4,4,3,0
1028,F,30,경기도,3,3,3,4,4,3,4,3,4,4,4,3,3,0
1029,F,30,부산광역시,2,1,3,2,3,1,4,3,4,4,4,4,1,3
1030,F,30,울산광역시,2,1,4,3,3,1,5,3,4,4,4,4,1,3
1031,F,30,전라북도,2,1,4,2,3,2,3,3,4,3,4,3,1,3
1032,F,20,경기도,2,3,2,3,3,2,3,3,4,4,3,5,3,0
1033,F,20,경기도,4,1,1,3,2,2,5,3,5,4,5,4,2,0
1034,F,20,경기도,3,2,1,3,4,2,3,2,3,4,4,3,3,0
1035,F,20,경기도,4,3,3,3,3,3,3,3,3,3,3,3,3,0
1036,F,20,경기도,1,2,3,3,4,4,5,1,3,3,3,5,1,0
1037,M,50,서울특별시,1,1,1,1,1,1,1,1,1,1,1,1,1,1
1038,M,50,서울특별시,4,2,1,1,3,2,1,1,3,1,3,3,1,0
1039,M,50,서울특별시,4,3,4,3,3,3,4,3,3,3,3,3,3,0
1040,M,50,서울특별시,4,3,4,4,4,3,4,3,5,5,4,5,3,0
1041,M,50,서울특별시,4,3,4,2,3,2,3,2,4,3,2,4,2,0
1042,M,50,서울특별시,4,3,3,3,3,3,3,3,5,5,5,5,3,0
1043,M,50,대전광역시,2,3,3,3,3,2,3,3,3,3,2,3,2,2
1044,M,50,대전광역시,4,1,4,3,3,3,4,3,3,3,3,3,3,0
1045,M,50,대전광역시,4,2,3,3,3,2,4,2,3,3,2,3,2,0
1046,M,40,부산광역시,2,4,2,3,3,4,4,3,2,3,3,2,3,2
1047,M,40,울산광역시,4,3,2,3,3,3,3,3,3,3,3,3,2,2
1048,M,40,울산광역시,3,3,2,2,4,3,4,3,4,3,4,4,2,1
1049,M,30,부산광역시,3,1,1,3,3,1,3,1,3,1,1,1,1,1
1050,M,30,인천광역시,4,1,3,3,3,1,3,1,3,3,3,1,1,0
1051,M,30,인천광역시,4,1,4,4,1,1,3,1,3,3,2,4,1,0
1052,M,30,인천광역시,2,2,5,3,4,1,4,1,4,3,4,3,1,2
1053,M,30,울산광역시,2,1,3,1,1,1,1,1,1,1,1,1,1,2
1054,M,30,울산광역시,4,3,4,3,4,3,3,3,3,3,3,4,3,0
1055,M,50,부산광역시,2,1,3,1,2,1,1,1,1,1,1,1,1,2
1056,M,50,인천광역시,4,2,4,4,2,4,3,2,5,4,4,3,3,0
1057,F,20,서울특별시,4,1,3,3,2,3,3,3,4,2,3,4,1,0
1058,M,30,서울특별시,4,2,1,2,3,3,3,3,5,4,5,4,3,1
1059,M,60,대구광역시,1,4,4,3,3,4,2,4,4,4,4,3,2,1
1060,M,20,경기도,4,3,4,4,4,2,3,3,4,5,4,3,1,0
1061,M,50,대구광역시,2,2,3,3,3,3,3,2,3,3,3,3,2,2
1062,F,30,충청북도,2,2,2,4,4,5,1,1,4,5,5,2,2,3
1063,F,60,경기도,2,1,1,4,2,1,4,1,4,4,4,4,1,0
1064,F,40,충청북도,4,2,4,4,4,2,3,3,3,3,4,4,3,0
1065,F,60,경상남도,2,3,3,3,3,3,2,4,3,5,4,3,4,3
1066,M,20,경기도,4,1,5,3,4,4,5,4,5,5,5,5,3,0
1067,F,60,경상북도,2,2,2,2,4,4,4,3,3,3,4,3,3,3
1068,F,60,경상남도,1,2,2,2,2,2,2,2,2,3,3,2,2,0
1069,M,20,전라북도,1,3,4,3,4,3,3,3,3,3,3,3,3,1
1070,M,20,경상남도,4,1,4,1,2,2,3,3,4,3,3,4,2,0
1071,M,20,대구광역시,2,3,3,3,3,4,2,2,2,2,2,4,2,2
1072,M,20,충청남도(세종시 포함),1,4,5,5,1,1,5,3,4,2,3,4,1,1
1073,M,20,서울특별시,2,3,3,2,2,2,3,2,2,3,3,3,3,1
1074,M,20,인천광역시,2,3,4,3,3,4,4,3,2,3,2,3,1,2
1075,M,20,인천광역시,4,3,3,3,3,3,3,3,3,3,3,3,2,0
1076,M,20,인천광역시,4,2,4,1,4,5,5,1,4,4,4,4,4,0
1077,M,20,부산광역시,2,3,5,5,5,1,5,3,5,1,3,5,1,2
1078,M,20,경기도,3,3,2,2,3,2,3,2,3,2,3,2,2,1
1079,M,20,대구광역시,3,2,2,2,2,2,2,4,5,4,4,4,4,1
1080,M,20,경상남도,1,1,5,4,5,4,5,5,5,3,5,5,1,1
1081,M,20,경기도,4,1,5,3,4,1,3,1,5,4,3,5,3,0
1082,M,40,서울특별시,3,3,3,3,3,3,3,3,3,3,3,3,3,1
1083,M,60,서울특별시,4,1,1,3,4,2,3,3,3,4,3,4,1,1
1084,M,60,서울특별시,4,1,1,4,1,2,3,3,4,4,4,3,1,1
1085,F,50,경상남도,2,3,1,3,3,1,4,5,5,3,5,4,1,0
1086,M,60,경상남도,3,1,3,2,4,2,3,2,4,2,4,1,2,1
1087,M,50,전라북도,3,3,4,3,3,2,3,3,3,3,3,3,3,1
1088,F,30,충청남도(세종시 포함),4,3,3,3,3,3,3,3,3,3,3,3,3,0
1089,F,30,충청남도(세종시 포함),2,1,1,2,4,2,5,1,4,5,4,5,2,3
1090,M,40,경기도,4,1,4,3,4,1,4,1,4,1,3,4,2,2
1091,F,40,충청남도(세종시 포함),3,1,1,1,4,1,3,1,3,2,3,4,1,4
1092,F,50,경기도,2,3,4,4,4,4,4,4,4,4,4,4,4,0
1093,M,60,경기도,3,2,4,4,3,2,2,2,3,2,2,2,2,1
1094,M,40,서울특별시,3,3,3,3,3,3,3,3,3,3,3,3,3,1
1095,M,30,경기도,2,2,3,2,4,3,5,2,5,5,4,5,1,2
1096,M,60,경상북도,3,3,2,3,4,3,2,3,3,3,3,3,4,1
1097,F,50,인천광역시,3,1,3,3,4,5,4,4,4,5,3,5,2,4
1098,M,50,강원도,4,1,1,2,3,2,4,4,4,4,4,4,3,0
1099,F,60,부산광역시,1,2,3,3,3,2,3,4,5,4,3,4,2,0
1100,F,60,충청남도(세종시 포함),2,3,1,3,3,3,3,3,3,4,4,3,3,3
1101,M,60,충청북도,2,3,1,3,3,3,3,3,3,3,3,3,3,1
1102,F,20,서울특별시,4,1,2,3,3,3,5,4,5,5,5,5,3,0
1103,M,60,인천광역시,2,2,3,2,3,3,3,4,4,2,4,4,2,1
1104,M,20,부산광역시,4,1,4,2,3,3,3,3,3,2,3,3,3,0
1105,F,30,대구광역시,4,1,4,4,5,1,4,3,5,3,3,5,1,0
1106,M,50,경기도,4,1,3,2,4,2,4,3,5,4,3,2,1,0
1107,F,60,울산광역시,3,1,3,1,1,1,1,1,1,1,1,1,1,1
1108,F,30,인천광역시,4,1,4,4,2,3,5,3,4,4,3,4,2,0
1109,M,50,광주광역시,1,2,1,3,3,1,4,2,3,4,4,3,2,0
1110,F,60,경기도,4,2,2,3,4,2,2,2,2,3,2,2,2,0
1111,M,50,경기도,4,2,2,2,5,1,4,3,4,4,4,4,2,0
1112,F,30,전라남도,2,1,3,1,4,1,3,1,3,3,3,3,1,3
1113,M,20,경기도,4,3,3,3,3,3,3,3,3,3,3,3,3,0
1114,M,30,경기도,2,1,3,1,1,1,2,1,1,1,1,1,1,2
1115,F,40,강원도,3,1,1,3,3,2,3,3,4,3,4,4,3,4
1116,M,30,서울특별시,2,2,3,3,3,2,2,4,3,3,2,3,3,3
1117,F,40,경기도,4,1,2,3,3,3,3,3,4,3,4,4,3,0
1118,M,60,경상남도,4,3,3,3,3,3,3,3,3,3,3,3,3,1
1119,M,40,경상남도,3,3,3,3,3,3,3,3,3,3,3,3,3,1
1120,F,50,광주광역시,3,1,1,1,1,1,1,1,1,1,1,1,1,0
1121,F,30,경상남도,2,1,4,3,4,2,2,3,4,3,4,4,1,3
1122,M,30,경기도,2,3,3,3,3,1,3,3,3,3,3,3,1,2
1123,F,20,서울특별시,4,2,3,3,2,2,2,3,3,3,4,3,3,0
1124,F,60,경기도,3,2,3,2,2,2,4,2,4,4,4,3,4,0
1125,M,60,인천광역시,2,1,4,3,3,2,1,2,2,2,2,3,1,1
1126,F,50,강원도,4,2,3,4,4,3,4,3,4,4,4,4,3,0
1127,M,40,대구광역시,3,1,2,4,4,1,1,1,4,1,1,3,1,1
1128,M,50,대구광역시,3,2,3,2,4,1,2,1,1,1,1,4,1,1
1129,F,40,대전광역시,3,1,4,3,4,1,4,3,4,3,3,4,2,4
1130,F,50,경기도,1,1,1,3,3,1,3,3,3,4,3,3,2,0
1131,F,50,경기도,4,2,5,4,3,2,3,3,5,5,5,3,1,0
1132,F,20,부산광역시,2,2,2,2,3,2,4,2,2,2,2,2,2,3
1133,M,30,경기도,4,2,3,4,3,2,3,3,3,4,3,3,2,0
1134,M,40,경기도,2,1,5,5,5,1,5,1,5,1,5,5,1,2
1135,F,20,대구광역시,3,2,4,2,3,1,3,2,4,4,3,4,1,4
1136,M,60,울산광역시,2,2,3,2,4,2,3,4,3,2,3,3,1,1
1137,F,50,울산광역시,4,3,2,3,3,4,3,2,4,4,4,2,4,0
1138,M,40,경기도,4,3,4,4,4,3,4,3,3,3,3,4,3,2
1139,M,60,경기도,2,2,3,4,3,2,4,2,4,4,4,4,3,2
1140,F,60,광주광역시,2,2,3,3,3,3,3,4,3,3,3,3,4,3
1141,M,50,대구광역시,3,1,1,1,2,2,4,4,4,4,4,5,1,1
1142,F,50,경기도,3,1,4,2,5,3,3,3,3,4,3,5,3,0
1143,M,40,경상북도,1,1,4,1,3,1,1,1,3,1,1,3,1,2
1144,M,60,충청남도(세종시 포함),4,1,2,2,5,3,3,3,5,4,4,4,3,1
1145,F,20,서울특별시,3,1,5,2,1,1,5,1,5,5,5,5,1,1
1146,F,40,경기도,3,1,1,4,5,1,4,1,3,3,3,4,1,4
1147,F,60,경기도,2,2,4,3,2,3,4,3,3,3,3,4,2,0
1148,M,60,전라남도,3,2,2,2,3,3,2,3,3,3,1,2,3,1
1149,M,60,인천광역시,2,3,3,3,3,3,3,3,3,3,3,3,3,1
1150,F,40,충청북도,2,1,3,3,3,3,3,3,3,3,3,3,3,2
1151,F,50,경기도,3,1,2,2,1,4,3,2,3,4,5,3,1,0
1152,F,40,경기도,4,1,4,3,3,3,3,3,3,3,4,3,3,0
1153,M,30,경기도,3,1,5,5,4,1,5,1,5,5,4,5,1,1
1154,M,30,충청북도,2,1,4,3,3,3,2,1,2,2,2,3,1,2
1155,M,40,서울특별시,2,2,4,4,4,1,3,3,1,1,1,3,1,2
1156,M,60,경기도,3,1,5,4,4,2,4,4,4,2,4,4,1,1
1157,M,40,충청남도(세종시 포함),2,1,1,1,3,1,3,2,3,4,4,3,1,2
1158,F,60,경기도,1,1,1,3,4,1,4,4,3,4,4,4,4,0
1159,M,40,경기도,2,3,5,4,3,3,5,4,4,4,3,4,3,2
1160,F,40,강원도,1,2,3,3,2,2,3,2,3,3,3,2,3,4
1161,M,40,인천광역시,4,3,3,3,3,3,3,3,5,3,3,3,3,2
1162,F,60,경기도,3,3,2,1,1,1,3,1,4,2,2,3,1,0
1163,M,20,충청남도(세종시 포함),4,1,4,4,2,1,5,1,5,2,4,4,1,0
1164,F,40,경기도,3,1,1,3,3,4,5,3,5,5,5,4,3,4
1165,F,30,경상북도,2,1,3,1,3,1,2,1,3,3,1,4,1,3
1166,F,30,경상남도,4,2,3,3,3,3,4,3,4,4,4,4,3,0
1167,M,60,경기도,2,2,3,3,3,2,4,3,4,4,4,3,3,2
1168,M,30,광주광역시,4,5,3,5,4,2,3,2,3,2,2,3,3,0
1169,F,20,충청남도(세종시 포함),4,3,4,3,3,3,3,3,4,4,4,3,3,0
1170,F,30,대구광역시,4,1,1,1,4,1,2,1,3,3,3,3,2,0
1171,M,60,서울특별시,4,2,3,3,3,3,3,3,3,3,3,3,3,1
1172,F,40,대전광역시,2,3,5,4,3,3,4,3,3,3,3,3,3,2
1173,F,60,충청북도,4,2,2,1,1,2,3,4,2,1,3,4,4,0
1174,M,30,경기도,3,1,1,1,4,1,3,1,4,3,3,4,1,1
1175,M,60,대구광역시,3,1,1,1,1,1,1,1,1,1,1,1,1,1
1176,F,50,경기도,4,2,5,4,5,3,5,3,5,5,5,5,3,0
1177,F,40,경기도,2,2,1,3,3,3,5,3,5,4,5,4,3,2
1178,F,60,충청북도,3,4,3,2,4,2,2,3,3,4,4,4,1,1
1179,M,40,서울특별시,3,1,1,1,3,1,4,1,4,4,4,4,2,1
1180,M,50,경기도,1,2,1,1,2,1,1,1,1,1,1,1,1,0
1181,M,40,경기도,2,2,4,4,4,2,4,3,4,4,4,4,1,2
1182,M,60,전라남도,4,3,3,3,3,3,4,4,3,5,4,3,3,1
1183,F,60,경기도,4,2,3,3,3,1,4,3,4,4,4,4,2,0
1184,F,60,충청북도,3,1,3,1,2,1,1,1,1,1,1,1,1,1
1185,F,40,경기도,3,1,1,3,3,1,1,3,4,4,4,4,1,4
1186,F,60,충청북도,3,3,3,3,4,1,3,3,3,2,2,3,3,1
1187,F,60,경상남도,1,3,4,3,4,3,4,3,4,4,4,3,2,0
1188,F,20,서울특별시,1,1,3,1,2,2,4,2,5,5,4,5,1,3
1189,M,60,경기도,1,1,1,1,1,1,3,1,1,1,1,1,1,1
1190,F,50,대구광역시,3,1,1,1,1,1,1,1,1,1,1,1,1,0
1191,F,40,전라남도,3,5,1,5,1,1,2,1,3,3,3,3,1,4
1192,F,60,경기도,2,2,2,3,3,3,3,4,3,3,3,3,4,0
1193,F,20,광주광역시,1,2,4,3,2,1,3,2,4,4,4,4,2,0
1194,F,40,경기도,4,3,3,3,5,2,5,4,5,5,5,5,3,0
1195,M,50,경기도,4,3,3,3,3,3,3,3,3,3,3,3,3,0
1196,F,30,경상남도,1,1,4,4,3,2,3,3,3,3,3,3,3,3
1197,M,60,대전광역시,2,1,4,3,5,3,3,3,4,3,4,5,3,1
1198,F,60,충청북도,2,3,3,3,3,3,3,3,3,3,3,3,2,3
1199,M,40,경상남도,4,2,1,3,4,1,3,1,2,1,1,3,1,2
1200,F,20,경상북도,2,3,3,3,3,3,3,3,3,3,3,3,3,3
1201,F,40,부산광역시,2,1,1,3,3,3,5,3,5,4,3,4,3,2
1202,F,60,제주도,3,2,3,2,2,3,2,4,3,3,4,3,3,1
1203,M,40,인천광역시,3,2,4,3,1,2,3,2,3,3,2,2,1,4
1204,M,40,광주광역시,4,1,2,2,3,2,5,1,4,4,1,1,1,2
1205,F,30,경상북도,1,1,5,3,4,1,4,3,4,3,4,4,1,3
1206,F,50,경기도,4,1,5,4,2,1,3,1,3,3,3,5,1,0
1207,M,30,충청북도,3,3,4,3,3,3,3,3,3,3,3,3,3,1
1208,M,60,서울특별시,4,1,3,1,1,1,4,4,5,4,4,4,2,1
1209,M,30,경상북도,2,1,5,4,5,1,4,2,4,5,1,4,2,2
1210,M,60,경상남도,3,3,3,3,3,3,3,3,3,3,3,3,3,1
1211,M,30,경기도,3,1,1,3,3,1,3,2,5,4,5,3,2,1
1212,F,30,경상남도,1,1,2,3,5,5,4,4,4,4,5,4,3,3
1213,M,20,경기도,4,4,3,4,4,4,4,4,4,4,4,4,4,0
1214,F,50,경기도,3,1,1,3,4,3,3,3,4,3,3,3,3,0
1215,M,60,경기도,4,1,1,1,1,1,2,1,4,1,2,1,1,0
1216,M,60,경기도,4,2,2,2,3,3,4,4,4,4,3,4,3,0
1217,F,20,경상북도,4,2,3,3,4,3,5,3,4,3,3,3,1,0
1218,M,50,경상남도,3,1,3,2,3,1,3,1,3,2,3,3,1,1
1219,F,60,경상북도,2,1,1,1,1,1,1,1,3,1,4,1,1,3
1220,F,60,경기도,2,3,3,3,3,1,3,2,3,3,2,3,1,0
1221,M,40,경기도,3,2,1,2,3,2,2,2,3,3,2,2,2,2
1222,F,20,충청북도,1,1,1,3,3,3,3,3,3,3,3,3,3,0
1223,M,60,경기도,1,4,4,4,4,4,4,4,4,4,4,4,4,1
1224,F,40,경상남도,2,1,2,2,2,1,3,2,3,1,3,3,1,2
1225,F,50,경기도,4,1,1,3,1,3,4,3,3,3,3,3,3,0
1226,M,50,광주광역시,3,2,4,3,4,2,3,3,3,2,3,3,4,1
1227,M,50,경기도,4,1,4,1,3,1,3,1,4,4,4,4,1,0
1228,F,50,경기도,3,1,2,2,2,2,2,2,3,2,2,3,1,0
1229,F,20,대전광역시,4,3,5,3,4,3,4,4,5,5,5,5,3,0
1230,M,50,경상남도,3,3,4,4,3,4,3,4,5,4,4,4,2,1
1231,F,60,경기도,3,2,2,3,3,2,4,3,4,4,4,4,2,0
1232,M,40,서울특별시,4,2,3,3,2,1,3,4,4,4,4,3,2,1
1233,F,60,울산광역시,3,1,1,3,2,2,3,5,4,3,4,4,4,1
1234,M,40,경상남도,3,2,3,2,4,2,4,3,3,3,4,4,2,1
1235,M,60,강원도,2,4,4,3,3,2,3,2,4,3,3,2,1,1
1236,M,50,경기도,4,1,3,3,3,1,5,1,3,4,4,4,3,0
1237,F,30,인천광역시,3,1,2,3,3,1,3,2,3,4,4,3,2,4
1238,F,30,충청남도(세종시 포함),4,2,4,3,3,2,4,2,4,4,4,5,3,0
1239,M,60,광주광역시,2,3,3,3,3,3,3,1,3,3,3,3,1,1
1240,M,20,경상남도,4,2,4,4,2,1,3,2,4,1,4,5,1,0
1241,M,40,광주광역시,2,3,4,3,4,3,4,3,3,3,4,4,2,2
1242,M,50,경기도,4,1,4,1,3,2,3,4,4,4,2,3,1,0
1243,M,50,충청남도(세종시 포함),3,3,3,3,4,3,4,3,4,3,3,4,3,1
1244,M,60,경기도,3,2,2,3,3,3,3,3,3,3,3,3,3,1
1245,F,60,부산광역시,3,2,3,3,4,3,3,3,4,4,3,3,1,1
1246,F,50,서울특별시,4,3,5,3,4,2,2,1,4,4,3,3,1,0
1247,F,50,서울특별시,4,2,3,3,3,3,3,3,3,3,3,3,3,0
1248,F,50,서울특별시,4,2,3,2,5,2,5,4,4,4,4,5,2,0
1249,F,50,서울특별시,2,1,3,3,3,1,3,3,4,4,5,2,1,3
1250,F,50,서울특별시,2,2,2,2,2,2,2,2,2,2,2,2,2,3
1251,F,50,서울특별시,2,3,4,2,1,2,2,3,2,3,4,2,3,3
1252,F,50,서울특별시,3,3,3,3,4,3,3,3,3,3,3,3,3,0
1253,F,50,광주광역시,1,2,2,2,2,1,4,2,4,4,4,4,1,0
1254,F,50,전라남도,3,2,1,3,3,3,3,3,4,4,5,5,3,0
1255,F,50,전라남도,3,4,4,4,4,4,4,4,4,4,4,4,4,0
1256,F,50,경상북도,2,1,4,4,4,2,3,3,4,4,4,4,2,0
1257,F,50,경상북도,3,2,2,3,3,2,3,2,3,3,3,3,3,0
1258,F,50,경상북도,3,3,3,1,3,1,3,1,3,4,4,2,1,0
1259,F,50,경상남도,2,1,5,1,1,1,1,1,1,1,1,1,1,0
1260,F,50,경상남도,3,1,2,2,1,1,1,1,1,2,1,2,1,0
1261,F,50,경상남도,3,1,1,2,1,1,2,2,3,1,1,2,1,0
1262,F,40,서울특별시,2,1,1,3,4,3,3,3,4,4,4,4,3,3
1263,F,40,서울특별시,1,2,1,3,2,2,4,2,5,4,4,3,2,3
1264,F,40,서울특별시,4,1,5,5,2,1,5,1,5,4,3,5,2,0
1265,F,40,서울특별시,2,3,1,2,3,2,2,2,1,5,4,5,2,3
1266,F,40,서울특별시,3,1,2,3,4,1,4,3,4,4,4,5,2,4
1267,F,40,대전광역시,4,1,1,4,2,3,5,2,2,2,3,1,1,0
1268,F,40,대전광역시,2,1,4,1,3,1,3,3,3,3,3,3,1,2
1269,F,40,충청북도,2,3,3,4,4,1,5,3,4,3,4,4,1,2
1270,F,40,전라남도,3,3,3,3,3,3,3,3,4,5,3,4,1,4
1271,F,30,서울특별시,2,3,3,3,3,3,3,3,3,3,3,3,3,3
1272,F,30,서울특별시,3,3,3,2,4,3,4,2,3,3,3,4,3,3
1273,F,30,서울특별시,3,3,4,4,3,2,3,4,4,4,4,4,3,3
1274,F,20,서울특별시,1,2,3,3,4,3,4,3,3,4,4,4,3,3
1275,F,20,서울특별시,1,1,3,3,3,1,3,1,4,1,4,3,1,3
1276,F,20,서울특별시,1,3,4,4,3,2,3,4,4,3,4,3,3,3
1277,F,20,경기도,2,2,5,3,4,4,5,3,4,3,3,4,2,0
1278,F,20,경기도,4,3,4,3,4,2,3,2,3,3,3,2,2,0
1279,F,20,경기도,4,1,2,1,5,1,4,1,4,5,5,4,1,0
1280,F,20,경기도,4,2,4,3,2,2,3,3,4,4,3,3,3,0
1281,F,20,경기도,2,1,2,1,1,1,4,2,2,3,3,4,1,0
1282,F,20,인천광역시,4,3,2,3,4,3,5,4,5,3,3,5,3,0
1283,F,20,인천광역시,4,2,4,3,3,1,4,2,4,3,3,3,3,0
1284,F,20,인천광역시,2,1,5,4,4,2,3,2,3,3,3,5,3,3
1285,M,60,경기도,2,1,1,3,5,1,2,1,2,3,2,3,1,2
1286,M,60,경기도,2,2,2,3,3,4,5,5,5,5,5,3,4,2
1287,M,60,경기도,2,1,4,3,3,2,3,3,3,3,3,3,2,2
1288,M,60,경기도,1,1,1,1,1,1,1,1,1,1,1,4,1,1
1289,M,60,경기도,1,3,3,3,3,2,3,3,3,3,1,3,3,1
1290,M,60,경기도,2,3,3,3,3,4,5,5,4,4,5,4,4,2
1291,M,60,경기도,3,4,4,4,5,2,3,3,3,3,3,3,3,1
1292,M,60,경기도,4,3,4,1,4,3,1,1,1,1,1,1,1,0
1293,M,50,부산광역시,2,3,3,4,3,3,3,4,4,3,3,4,3,2
1294,M,50,부산광역시,2,3,3,4,3,1,3,3,3,3,3,4,1,2
1295,M,40,서울특별시,3,5,5,5,5,5,5,1,5,5,5,5,1,1
1296,M,40,서울특별시,4,3,2,4,4,3,3,3,5,3,2,3,3,1
1297,M,40,서울특별시,2,3,3,3,3,3,3,3,3,3,3,3,3,2
1298,M,40,서울특별시,3,4,4,1,5,1,1,1,1,1,1,1,1,1
1299,M,40,서울특별시,4,3,4,3,4,3,4,4,4,4,4,4,2,1
1300,M,40,서울특별시,3,1,1,1,1,1,1,1,1,1,1,1,1,1
1301,M,40,서울특별시,4,2,3,3,4,3,3,3,3,3,4,3,3,1
1302,M,40,충청남도(세종시 포함),2,2,4,2,2,2,2,2,2,2,3,3,2,2
1303,M,30,서울특별시,2,1,2,2,1,1,1,1,3,3,3,3,1,3
1304,M,30,서울특별시,4,1,4,4,4,1,2,1,3,4,4,5,1,1
1305,M,30,서울특별시,2,3,3,3,4,3,3,3,3,4,3,4,3,3
1306,M,30,서울특별시,4,3,1,4,4,4,4,4,4,4,4,4,4,1
1307,M,30,전라남도,4,3,3,3,3,3,3,3,3,3,3,3,3,0
1308,M,30,전라남도,2,1,2,4,3,2,3,1,4,4,4,3,1,2
1309,M,30,전라남도,2,3,5,3,3,3,5,3,5,5,5,5,3,2
1310,M,20,서울특별시,4,3,5,3,3,3,4,3,4,4,4,3,3,1
1311,M,20,서울특별시,3,3,3,3,3,3,3,3,3,3,3,3,3,1
1312,M,20,서울특별시,4,1,4,2,4,1,3,2,4,4,4,4,1,1
1313,M,20,경상남도,3,4,5,4,4,3,4,3,4,3,3,4,3,1
1314,M,20,경기도,3,3,3,1,3,2,5,2,4,3,3,2,4,1
1315,M,20,전라북도,3,1,4,5,5,3,1,3,1,3,1,5,1,1
1316,M,20,경상북도,4,5,5,2,4,4,2,4,3,2,2,4,2,0
1317,M,20,경기도,4,1,5,5,1,1,3,1,4,2,2,4,2,0
1318,M,20,울산광역시,4,1,4,2,5,5,5,5,4,3,3,2,3,0
1319,M,20,대구광역시,4,3,4,3,3,3,3,3,3,3,3,3,3,0
1320,M,20,대구광역시,3,3,3,5,4,4,5,4,5,3,3,4,3,1
1321,M,20,경기도,4,1,1,1,1,1,1,1,1,1,5,1,1,0
1322,M,20,충청북도,4,1,5,1,1,1,5,4,5,5,5,5,1,0
1323,M,20,경상북도,1,1,5,1,5,2,5,5,5,4,3,5,1,1
1324,M,20,경상북도,3,1,1,2,1,2,3,2,3,3,3,3,2,1
1325,M,20,경기도,2,1,4,3,3,1,3,1,2,2,2,1,1,2
1326,M,20,경기도,1,1,5,4,4,1,1,1,5,3,4,2,1,2
1327,M,20,경기도,4,1,4,2,2,2,5,1,3,5,3,5,2,0
1328,M,30,경기도,4,1,5,1,3,4,1,4,5,5,5,4,4,0
1329,M,20,경상북도,2,1,1,2,3,1,3,2,5,4,5,5,1,2
1330,M,60,서울특별시,3,2,3,3,2,3,4,4,3,3,3,3,2,1
1331,F,60,서울특별시,4,2,3,3,2,3,3,3,3,3,3,3,3,0
1332,F,60,서울특별시,2,2,5,4,2,2,4,3,3,2,4,4,2,3
1333,F,60,서울특별시,3,2,3,3,3,3,3,3,3,3,3,3,2,1
1334,M,60,서울특별시,2,3,5,3,3,3,3,3,4,3,3,3,2,1
1335,M,60,서울특별시,4,2,3,2,5,2,5,2,5,3,3,3,1,1
1336,M,30,경상남도,1,2,4,4,4,2,3,2,3,3,3,4,2,1
1337,F,40,경기도,4,1,3,4,3,1,4,2,5,3,4,4,3,0
1338,F,30,경기도,3,1,4,2,4,1,3,3,5,4,5,4,3,0
1339,M,30,경기도,4,2,1,4,4,3,4,3,3,3,4,4,3,0
1340,F,30,인천광역시,2,3,3,3,4,5,3,3,5,5,5,3,3,3
1341,F,30,부산광역시,3,4,4,2,4,1,3,2,3,3,3,4,2,3
1342,F,30,인천광역시,2,1,4,4,5,4,3,3,3,3,3,5,3,3
1343,F,50,경기도,1,3,4,3,3,3,4,3,4,3,3,4,2,0
1344,M,60,충청북도,3,1,3,1,4,4,3,1,1,3,3,2,1,1
1345,F,50,대구광역시,4,1,1,1,1,1,3,1,3,3,3,3,1,0
1346,F,60,경기도,3,3,3,2,4,3,1,4,2,4,3,2,1,0
1347,F,50,인천광역시,4,2,1,4,4,3,3,2,3,3,3,4,2,0
1348,F,30,경기도,4,1,1,1,1,2,1,1,1,1,1,1,1,0
1349,M,20,경상남도,4,4,5,4,4,4,4,1,4,4,4,4,1,0
1350,M,30,경상북도,2,3,4,3,4,3,4,3,4,3,3,4,3,2
1351,F,30,경상남도,1,1,3,3,1,2,4,3,3,3,3,3,1,3
1352,M,30,인천광역시,2,1,5,1,1,1,1,1,1,1,1,1,1,2
1353,M,50,전라북도,3,3,3,3,4,3,3,3,3,3,4,4,3,1
1354,M,40,경기도,3,2,4,4,4,3,4,3,4,5,4,3,3,2
1355,M,30,경상남도,2,1,1,1,3,3,1,3,1,4,1,1,1,2
1356,F,60,경상남도,4,2,3,1,2,2,2,2,3,4,3,4,2,0
1357,F,20,전라남도,2,3,3,3,3,3,3,3,3,3,3,3,2,3
1358,M,40,부산광역시,3,1,5,5,5,1,5,1,5,1,5,5,1,1
1359,M,30,경기도,2,1,5,3,1,1,4,1,4,4,2,4,1,2
1360,M,40,인천광역시,3,2,4,4,4,3,4,3,3,3,3,4,3,4
1361,M,20,경기도,4,3,2,2,2,2,3,4,3,3,2,4,3,0
1362,M,50,경기도,2,2,2,3,2,1,1,1,1,1,1,1,1,2
1363,M,40,부산광역시,2,1,1,1,3,1,2,1,2,2,2,2,1,2
1364,F,60,서울특별시,4,3,5,4,4,3,4,3,4,4,4,3,3,0
1365,M,20,경기도,2,3,3,2,3,2,4,3,4,2,4,4,2,2
1366,M,30,충청북도,2,3,3,3,1,4,3,3,3,3,3,2,3,2
1367,M,60,강원도,2,1,1,2,2,2,3,3,4,4,4,4,2,1
1368,F,60,경상북도,3,1,5,1,1,1,3,1,3,1,3,4,1,1
1369,F,60,경기도,3,3,3,3,3,3,3,3,3,5,3,3,3,0
1370,M,50,경기도,3,1,1,5,3,1,5,1,3,5,1,5,1,0
1371,M,60,전라북도,1,1,1,1,1,1,1,1,1,1,4,1,1,1
1372,F,40,경기도,3,3,4,4,3,2,4,4,4,3,3,4,2,4
1373,M,60,서울특별시,4,3,3,3,3,3,3,3,4,4,4,4,3,1
1374,M,50,경상남도,3,2,2,4,3,3,4,4,4,3,4,2,4,1
1375,M,50,충청북도,2,1,5,1,4,4,5,3,5,5,5,4,2,2
1376,M,50,충청북도,4,2,4,4,4,2,4,4,4,4,4,4,2,0
1377,M,50,경기도,2,1,1,1,1,1,3,1,3,2,5,3,3,2
1378,M,50,경기도,3,1,1,2,4,1,3,2,3,3,4,4,2,0
1379,F,40,경상남도,4,2,2,2,3,2,4,3,5,2,4,4,2,0
1380,M,50,경상남도,4,4,2,2,3,2,3,2,4,4,4,4,2,0
1381,M,60,인천광역시,4,2,4,4,5,1,3,1,1,1,1,3,1,1
1382,F,30,강원도,2,3,3,3,5,3,3,3,5,5,5,3,3,3
1383,F,30,경기도,3,3,4,3,5,1,3,3,3,3,2,5,1,0
1384,F,60,경기도,3,2,2,3,2,3,3,2,4,3,3,3,3,0
1385,M,60,충청남도(세종시 포함),2,3,1,2,3,3,3,2,3,2,4,4,2,1
1386,F,30,충청북도,3,3,3,3,3,3,3,3,3,3,3,3,3,3
1387,M,30,제주도,2,1,4,3,3,1,3,1,1,1,1,3,1,2
1388,M,40,경상남도,2,3,3,3,3,3,3,3,3,3,3,3,3,2
1389,F,50,경기도,4,2,1,3,4,2,3,3,3,2,3,3,2,0
1390,F,40,경기도,4,1,3,3,3,1,3,1,3,3,3,3,3,0
1391,M,20,경기도,4,1,5,1,4,1,3,1,4,3,3,2,1,0
1392,M,60,강원도,2,3,2,3,3,3,3,3,4,1,4,3,3,1
1393,F,30,대구광역시,2,2,4,4,4,3,3,3,3,3,4,4,3,3
1394,F,60,경기도,4,1,4,4,4,3,4,4,4,4,3,4,1,0
1395,F,40,경상남도,3,3,4,3,3,3,3,3,3,3,3,3,3,4
1396,M,40,경상남도,3,2,3,3,4,3,3,4,3,3,3,4,1,1
1397,M,50,경기도,4,3,2,3,4,1,3,2,2,4,3,4,1,0
1398,F,60,강원도,3,3,4,4,4,4,3,3,3,3,3,3,3,1
1399,M,40,울산광역시,4,3,3,3,3,3,3,3,3,3,3,3,3,2
1400,F,60,인천광역시,3,1,3,3,3,1,2,1,3,1,2,3,1,4
1401,F,60,충청북도,1,1,2,1,2,2,5,2,4,1,1,4,1,0
1402,F,60,대구광역시,3,1,3,2,2,3,5,4,4,4,3,4,4,1
1403,M,60,전라남도,4,2,2,3,2,2,3,3,4,4,3,3,3,1
1404,F,20,부산광역시,4,3,4,3,4,3,3,3,3,3,3,3,3,0
1405,F,60,서울특별시,3,2,1,3,2,3,4,5,4,4,4,4,2,1
1406,F,40,인천광역시,2,3,2,4,3,3,4,5,4,4,3,4,3,4
1407,M,40,인천광역시,3,1,4,3,3,2,3,2,4,4,4,4,1,4
1408,M,50,대전광역시,1,2,2,4,2,2,3,3,4,4,4,4,3,0
1409,F,60,대구광역시,3,4,3,2,3,3,3,2,4,4,4,4,2,1
1410,F,30,충청남도(세종시 포함),2,1,1,2,2,1,2,2,1,2,2,2,1,3
1411,F,60,대전광역시,2,3,1,3,2,3,3,4,5,4,4,3,3,3
1412,F,60,대구광역시,3,2,3,2,3,2,2,2,3,4,3,3,1,1
1413,F,30,경기도,2,3,3,3,3,3,3,3,3,3,3,3,3,3
1414,F,40,경상남도,2,3,3,3,3,3,3,3,3,3,3,3,3,2
1415,F,60,광주광역시,4,3,1,3,4,2,4,3,3,4,3,3,3,0
1416,M,60,전라북도,3,2,4,2,3,5,4,3,5,5,5,5,2,1
1417,M,40,광주광역시,4,3,3,3,3,3,3,3,3,3,3,3,3,2
1418,M,40,대구광역시,3,1,1,1,1,1,1,1,1,1,1,4,1,1
1419,F,30,인천광역시,4,3,3,3,5,3,3,3,3,3,3,3,2,0
1420,M,60,경상북도,4,3,3,3,4,4,3,3,3,3,3,3,3,1
1421,F,30,경기도,2,2,5,4,3,3,4,3,5,5,5,5,2,3
1422,F,30,경기도,1,1,1,3,3,1,3,2,4,3,4,2,1,0
1423,F,50,경기도,4,1,3,3,3,1,3,1,3,3,3,3,1,0
1424,M,60,경상북도,3,2,2,2,2,3,4,2,4,4,4,2,2,1
1425,F,50,경기도,4,3,3,4,3,3,3,3,4,3,4,4,3,0
1426,F,50,충청남도(세종시 포함),4,3,5,3,4,3,3,4,4,4,4,4,1,0
1427,M,50,경기도,4,2,4,3,4,3,3,3,3,5,4,4,3,0
1428,F,40,인천광역시,3,2,3,1,3,2,3,3,3,3,3,4,3,4
1429,F,30,제주도,2,1,3,1,1,1,5,3,2,3,3,5,3,3
1430,M,30,경기도,1,3,3,2,4,1,3,2,4,4,5,3,2,2
1431,M,60,강원도,2,1,4,3,3,2,3,2,4,3,3,2,3,1
1432,M,40,대구광역시,2,1,3,3,4,1,1,1,1,1,1,1,1,2
1433,F,20,전라남도,2,2,3,2,4,3,5,1,3,3,3,4,1,3
1434,F,60,울산광역시,3,2,3,3,4,4,3,3,3,4,4,3,4,1
1435,F,30,대구광역시,2,1,2,4,4,1,4,4,5,5,5,5,3,3
1436,F,60,충청남도(세종시 포함),1,3,2,4,4,1,3,3,5,1,3,4,1,0
1437,F,40,경기도,4,4,4,4,4,3,4,4,4,4,4,4,3,0
1438,F,20,광주광역시,1,3,4,4,3,2,4,4,4,4,4,4,2,0
1439,M,30,울산광역시,2,4,4,4,5,3,4,4,4,4,4,4,2,2
1440,M,40,부산광역시,2,3,4,4,4,3,3,2,4,2,4,4,2,2
1441,F,40,부산광역시,2,1,2,3,4,2,3,2,3,2,3,3,1,2
1442,F,60,전라북도,3,4,3,4,4,4,4,4,4,4,4,4,4,1
1443,F,40,경기도,1,2,2,3,4,1,3,1,4,3,3,3,1,0
1444,F,50,경기도,4,1,1,1,1,1,1,1,1,1,1,1,1,0
1445,M,50,대구광역시,4,3,3,4,4,3,3,3,3,3,3,4,3,0
1446,M,50,강원도,2,1,1,4,5,5,5,5,5,5,5,5,5,2
1447,M,60,울산광역시,2,3,1,3,4,2,4,2,3,3,2,3,2,1
1448,M,50,경상북도,4,3,2,4,4,3,3,4,3,3,3,3,1,0
1449,F,60,충청남도(세종시 포함),2,1,1,4,1,3,4,3,4,4,2,5,1,3
1450,M,50,경기도,4,1,4,3,3,1,3,3,2,3,3,5,1,0
1451,M,50,경상북도,4,3,3,2,2,3,1,3,3,3,3,3,1,0
1452,M,40,충청북도,4,3,4,4,5,3,3,1,1,3,1,4,1,2
1453,M,40,대전광역시,4,1,4,1,3,1,3,1,1,4,4,4,1,2
1454,F,50,경기도,2,3,5,3,4,3,4,2,4,4,3,4,3,0
1455,M,50,경상북도,3,2,1,4,4,4,3,1,5,5,4,4,3,1
1456,F,30,대전광역시,3,3,5,3,3,3,3,3,4,5,5,5,1,3
1457,F,50,전라북도,3,3,3,2,3,3,3,3,2,2,3,2,3,0
1458,F,30,충청남도(세종시 포함),3,1,1,1,2,1,3,1,1,1,1,3,1,3
1459,F,60,서울특별시,4,1,2,2,2,1,1,2,2,1,3,3,1,0
1460,M,50,경기도,3,1,5,2,3,1,3,3,4,1,3,3,1,0
1461,F,50,충청남도(세종시 포함),4,2,2,3,2,1,4,5,5,4,5,5,1,0
1462,F,60,대구광역시,4,2,4,3,3,3,4,3,3,4,3,3,3,0
1463,M,50,충청남도(세종시 포함),3,2,4,3,3,4,2,4,4,4,4,4,2,1
1464,F,40,인천광역시,2,3,3,3,3,3,3,3,4,4,3,4,3,4
1465,M,50,대전광역시,2,1,4,2,4,2,4,3,4,3,4,5,2,2
1466,M,30,인천광역시,3,1,5,1,1,1,1,1,1,1,1,1,1,1
1467,F,50,충청남도(세종시 포함),1,2,3,2,2,2,3,3,1,1,1,3,1,0
1468,F,50,부산광역시,4,1,3,2,2,1,3,2,3,3,4,2,2,0
1469,M,50,울산광역시,3,2,2,2,3,3,3,2,4,4,4,4,4,1
1470,F,30,경상북도,2,2,4,4,3,1,4,3,4,3,4,4,1,3
1471,M,50,경기도,2,3,3,3,3,3,3,4,3,3,3,3,4,2
1472,F,50,울산광역시,2,2,3,3,2,1,3,3,3,3,3,3,3,0
1473,M,30,광주광역시,3,1,3,3,4,3,3,3,3,3,3,2,3,1
1474,M,60,부산광역시,3,3,4,3,4,4,4,3,3,4,4,3,1,1
1475,F,40,광주광역시,3,1,2,2,3,1,3,1,4,2,2,3,1,4
1476,F,60,경기도,3,2,2,2,2,2,3,2,3,3,3,4,2,0
1477,F,40,경상남도,3,2,3,3,3,4,3,3,3,3,4,4,2,4
1478,M,40,경기도,4,3,3,3,3,3,3,3,3,3,3,4,3,2
1479,M,40,경기도,3,1,2,2,3,1,4,1,4,3,5,4,2,2
1480,M,40,경기도,4,2,3,3,3,3,5,3,3,3,4,4,3,2
1481,F,20,충청남도(세종시 포함),3,3,5,2,5,1,2,5,2,3,2,4,2,4
1482,M,40,경상북도,2,1,4,3,3,1,4,4,4,3,4,3,1,2
1483,M,30,인천광역시,3,1,2,1,2,1,3,3,4,3,4,3,3,1
1484,M,40,광주광역시,2,2,4,4,3,2,3,2,3,2,3,3,1,2
1485,M,50,인천광역시,4,1,1,1,1,1,4,1,5,5,5,5,1,0
1486,F,60,서울특별시,2,4,3,4,3,2,3,4,3,4,4,4,2,3
1487,M,60,충청남도(세종시 포함),2,3,3,3,3,3,3,3,3,3,3,3,3,1
1488,F,20,대구광역시,2,1,4,2,1,1,4,2,4,1,3,4,1,3
1489,F,30,전라북도,1,2,4,3,3,2,5,2,5,3,4,3,2,3
1490,F,50,강원도,3,1,1,1,1,1,1,1,1,1,1,1,1,0
1491,M,40,경기도,3,2,3,2,4,2,4,4,4,4,4,4,2,2
1492,F,40,전라북도,3,1,3,3,3,3,3,3,3,4,4,4,1,4
1493,F,60,경기도,3,3,1,3,3,3,3,3,3,3,3,3,3,0
1494,M,40,경기도,4,2,5,4,4,3,3,4,4,3,4,5,3,2
